"participant";"position";"response";"included";"number_lessons";"math_edu";"lessons"
"part1";"reasoning_about_straight_lines";0;0;1;4;1
"part1";"lesson6";0;0;1;4;1
"part1";"lesson5";0;0;1;4;1
"part1";"lesson7";0;0;1;4;1
"part1";"definition2";0;0;1;4;1
"part1";"lesson2";0;0;1;4;1
"part1";"lessons";1;0;1;4;1
"part1";"introspection1";0;0;1;4;1
"part1";"lesson3";0;0;1;4;1
"part1";"straight_lines_on_various_surfaces";0;0;1;4;1
"part1";"straight_lines_on_spheres2";0;0;1;4;1
"part1";"introspection2";0;0;1;4;1
"part1";"lesson1";1;0;1;4;1
"part1";"planar_geometry";0;0;1;4;1
"part1";"straight_lines_on_spheres1";0;0;1;4;1
"part1";"definition3";0;0;1;4;1
"part1";"lesson4";0;0;1;4;1
"part1_0";"planar_geometry";0;1;0;6;0
"part1_0";"straight_lines_on_spheres2";0;1;0;6;0
"part1_0";"introspection2";0;1;0;6;0
"part1_0";"definition3";0;1;0;6;0
"part1_0";"introspection1";0;1;0;6;0
"part1_0";"reasoning_about_straight_lines";0;1;0;6;0
"part1_0";"definition2";0;1;0;6;0
"part1_0";"straight_lines_on_various_surfaces";0;1;0;6;0
"part1_0";"straight_lines_on_spheres1";0;1;0;6;0
"part1_05";"planar_geometry";0;1;0;4;0
"part1_05";"introspection2";0;1;0;4;0
"part1_05";"introspection1";0;1;0;4;0
"part1_05";"definition3";0;1;0;4;0
"part1_05";"definition2";0;1;0;4;0
"part1_05";"reasoning_about_straight_lines";0;1;0;4;0
"part1_05";"straight_lines_on_spheres2";0;1;0;4;0
"part1_05";"straight_lines_on_spheres1";0;1;0;4;0
"part1_05";"straight_lines_on_various_surfaces";0;1;0;4;0
"part1_35";"planar_geometry";0;1;3;5;123
"part1_35";"introspection1";0;1;3;5;123
"part1_35";"straight_lines_on_spheres2";0;1;3;5;123
"part1_35";"lesson1";0;1;3;5;123
"part1_35";"definition3";0;1;3;5;123
"part1_35";"lesson4";0;1;3;5;123
"part1_35";"lesson5";0;1;3;5;123
"part1_35";"lesson2";0;1;3;5;123
"part1_35";"reasoning_about_straight_lines";0;1;3;5;123
"part1_35";"lesson3";0;1;3;5;123
"part1_35";"lessons";0;1;3;5;123
"part1_35";"introspection2";0;1;3;5;123
"part1_35";"straight_lines_on_various_surfaces";0;1;3;5;123
"part1_35";"straight_lines_on_spheres1";0;1;3;5;123
"part1_35";"definition2";0;1;3;5;123
"part10";"introspection2";0;1;7;2;5671234
"part10";"definition3";0;1;7;2;5671234
"part10";"straight_lines_on_various_surfaces";0;1;7;2;5671234
"part10";"lesson7";0;1;7;2;5671234
"part10";"introspection1";0;1;7;2;5671234
"part10";"lesson6";0;1;7;2;5671234
"part10";"reasoning_about_straight_lines";0;1;7;2;5671234
"part10";"lesson5";0;1;7;2;5671234
"part10";"planar_geometry";0;1;7;2;5671234
"part10";"definition2";0;1;7;2;5671234
"part10";"lesson1";0;1;7;2;5671234
"part10";"straight_lines_on_spheres2";0;1;7;2;5671234
"part10";"lessons";0;1;7;2;5671234
"part10";"lesson3";0;1;7;2;5671234
"part10";"straight_lines_on_spheres1";0;1;7;2;5671234
"part10";"lesson2";0;1;7;2;5671234
"part10";"lesson4";0;1;7;2;5671234
"part10_0";"introspection1";0;1;0;8;0
"part10_0";"straight_lines_on_spheres2";0;1;0;8;0
"part10_0";"introspection2";0;1;0;8;0
"part10_0";"definition2";0;1;0;8;0
"part10_0";"straight_lines_on_spheres1";0;1;0;8;0
"part10_0";"definition3";0;1;0;8;0
"part10_0";"straight_lines_on_various_surfaces";0;1;0;8;0
"part10_0";"planar_geometry";0;1;0;8;0
"part10_0";"reasoning_about_straight_lines";0;1;0;8;0
"part10_05";"introspection2";0;1;0;4;0
"part10_05";"reasoning_about_straight_lines";0;1;0;4;0
"part10_05";"straight_lines_on_various_surfaces";0;1;0;4;0
"part10_05";"definition3";0;1;0;4;0
"part10_05";"introspection1";0;1;0;4;0
"part10_05";"straight_lines_on_spheres2";0;1;0;4;0
"part10_05";"straight_lines_on_spheres1";0;1;0;4;0
"part10_05";"definition2";0;1;0;4;0
"part10_05";"planar_geometry";1;1;0;4;0
"part10_35";"introspection2";0;1;5;2;71234
"part10_35";"straight_lines_on_spheres1";0;1;5;2;71234
"part10_35";"lesson2";1;1;5;2;71234
"part10_35";"planar_geometry";0;1;5;2;71234
"part10_35";"lesson3";0;1;5;2;71234
"part10_35";"lesson4";0;1;5;2;71234
"part10_35";"definition3";0;1;5;2;71234
"part10_35";"lesson1";0;1;5;2;71234
"part10_35";"straight_lines_on_various_surfaces";0;1;5;2;71234
"part10_35";"definition2";0;1;5;2;71234
"part10_35";"straight_lines_on_spheres2";0;1;5;2;71234
"part10_35";"reasoning_about_straight_lines";0;1;5;2;71234
"part10_35";"lessons";1;1;5;2;71234
"part10_35";"lesson5";0;1;5;2;71234
"part10_35";"introspection1";0;1;5;2;71234
"part11";"definition3";0;0;1;2;6
"part11";"lesson7";0;0;1;2;6
"part11";"lesson6";0;0;1;2;6
"part11";"straight_lines_on_various_surfaces";0;0;1;2;6
"part11";"lesson5";0;0;1;2;6
"part11";"planar_geometry";0;0;1;2;6
"part11";"introspection1";0;0;1;2;6
"part11";"lesson1";1;0;1;2;6
"part11";"reasoning_about_straight_lines";0;0;1;2;6
"part11";"lessons";1;0;1;2;6
"part11";"introspection2";0;0;1;2;6
"part11";"definition2";0;0;1;2;6
"part11";"straight_lines_on_spheres1";0;0;1;2;6
"part11";"straight_lines_on_spheres2";0;0;1;2;6
"part11";"lesson4";0;0;1;2;6
"part11";"lesson3";0;0;1;2;6
"part11";"lesson2";0;0;1;2;6
"part11_0";"introspection2";0;1;0;5;0
"part11_0";"definition3";0;1;0;5;0
"part11_0";"straight_lines_on_spheres2";0;1;0;5;0
"part11_0";"planar_geometry";0;1;0;5;0
"part11_0";"straight_lines_on_spheres1";0;1;0;5;0
"part11_0";"reasoning_about_straight_lines";0;1;0;5;0
"part11_0";"straight_lines_on_various_surfaces";0;1;0;5;0
"part11_0";"introspection1";0;1;0;5;0
"part11_0";"definition2";0;1;0;5;0
"part11_05";"definition3";0;1;0;7;0
"part11_05";"reasoning_about_straight_lines";0;1;0;7;0
"part11_05";"straight_lines_on_various_surfaces";0;1;0;7;0
"part11_05";"introspection2";0;1;0;7;0
"part11_05";"definition2";0;1;0;7;0
"part11_05";"introspection1";0;1;0;7;0
"part11_05";"straight_lines_on_spheres2";1;1;0;7;0
"part11_05";"straight_lines_on_spheres1";0;1;0;7;0
"part11_05";"planar_geometry";0;1;0;7;0
"part11_35";"lesson2";0;1;3;4;234
"part11_35";"introspection2";0;1;3;4;234
"part11_35";"straight_lines_on_spheres1";0;1;3;4;234
"part11_35";"lesson4";0;1;3;4;234
"part11_35";"definition2";0;1;3;4;234
"part11_35";"definition3";0;1;3;4;234
"part11_35";"planar_geometry";0;1;3;4;234
"part11_35";"lesson3";0;1;3;4;234
"part11_35";"straight_lines_on_spheres2";0;1;3;4;234
"part11_35";"lesson1";0;1;3;4;234
"part11_35";"straight_lines_on_various_surfaces";0;1;3;4;234
"part11_35";"reasoning_about_straight_lines";0;1;3;4;234
"part11_35";"lessons";0;1;3;4;234
"part11_35";"lesson5";0;1;3;4;234
"part11_35";"introspection1";0;1;3;4;234
"part12";"reasoning_about_straight_lines";0;1;7;2;6712345
"part12";"lesson7";0;1;7;2;6712345
"part12";"lesson2";0;1;7;2;6712345
"part12";"introspection1";0;1;7;2;6712345
"part12";"lesson5";0;1;7;2;6712345
"part12";"lesson4";0;1;7;2;6712345
"part12";"straight_lines_on_spheres2";0;1;7;2;6712345
"part12";"definition2";0;1;7;2;6712345
"part12";"definition3";0;1;7;2;6712345
"part12";"lesson1";0;1;7;2;6712345
"part12";"straight_lines_on_various_surfaces";0;1;7;2;6712345
"part12";"lessons";1;1;7;2;6712345
"part12";"introspection2";0;1;7;2;6712345
"part12";"straight_lines_on_spheres1";0;1;7;2;6712345
"part12";"lesson6";0;1;7;2;6712345
"part12";"planar_geometry";0;1;7;2;6712345
"part12";"lesson3";1;1;7;2;6712345
"part12_0";"introspection2";0;1;0;3;0
"part12_0";"definition3";0;1;0;3;0
"part12_0";"straight_lines_on_spheres2";0;1;0;3;0
"part12_0";"planar_geometry";0;1;0;3;0
"part12_0";"straight_lines_on_spheres1";0;1;0;3;0
"part12_0";"reasoning_about_straight_lines";0;1;0;3;0
"part12_0";"straight_lines_on_various_surfaces";0;1;0;3;0
"part12_0";"introspection1";0;1;0;3;0
"part12_0";"definition2";0;1;0;3;0
"part12_05";"definition3";0;1;0;3;0
"part12_05";"definition2";0;1;0;3;0
"part12_05";"reasoning_about_straight_lines";1;1;0;3;0
"part12_05";"straight_lines_on_various_surfaces";0;1;0;3;0
"part12_05";"introspection2";0;1;0;3;0
"part12_05";"planar_geometry";0;1;0;3;0
"part12_05";"straight_lines_on_spheres2";0;1;0;3;0
"part12_05";"straight_lines_on_spheres1";0;1;0;3;0
"part12_05";"introspection1";0;1;0;3;0
"part12_35";"straight_lines_on_spheres1";0;1;5;2;56712
"part12_35";"planar_geometry";0;1;5;2;56712
"part12_35";"definition3";0;1;5;2;56712
"part12_35";"lesson4";1;1;5;2;56712
"part12_35";"straight_lines_on_spheres2";0;1;5;2;56712
"part12_35";"lesson1";0;1;5;2;56712
"part12_35";"lesson3";0;1;5;2;56712
"part12_35";"lesson2";0;1;5;2;56712
"part12_35";"reasoning_about_straight_lines";0;1;5;2;56712
"part12_35";"lessons";1;1;5;2;56712
"part12_35";"straight_lines_on_various_surfaces";0;1;5;2;56712
"part12_35";"introspection2";0;1;5;2;56712
"part12_35";"introspection1";0;1;5;2;56712
"part12_35";"lesson5";0;1;5;2;56712
"part12_35";"definition2";0;1;5;2;56712
"part13";"lesson7";0;1;1;5;7
"part13";"introspection1";0;1;1;5;7
"part13";"straight_lines_on_various_surfaces";0;1;1;5;7
"part13";"straight_lines_on_spheres2";0;1;1;5;7
"part13";"lesson6";0;1;1;5;7
"part13";"reasoning_about_straight_lines";0;1;1;5;7
"part13";"lesson5";0;1;1;5;7
"part13";"introspection2";0;1;1;5;7
"part13";"definition2";0;1;1;5;7
"part13";"definition3";0;1;1;5;7
"part13";"lesson3";0;1;1;5;7
"part13";"planar_geometry";0;1;1;5;7
"part13";"lessons";0;1;1;5;7
"part13";"lesson1";0;1;1;5;7
"part13";"lesson2";0;1;1;5;7
"part13";"lesson4";0;1;1;5;7
"part13";"straight_lines_on_spheres1";0;1;1;5;7
"part13_0";"straight_lines_on_spheres1";0;1;0;7;0
"part13_0";"definition3";0;1;0;7;0
"part13_0";"introspection2";0;1;0;7;0
"part13_0";"planar_geometry";0;1;0;7;0
"part13_0";"straight_lines_on_spheres2";1;1;0;7;0
"part13_0";"straight_lines_on_various_surfaces";0;1;0;7;0
"part13_0";"reasoning_about_straight_lines";1;1;0;7;0
"part13_0";"definition2";0;1;0;7;0
"part13_0";"introspection1";0;1;0;7;0
"part13_05";"reasoning_about_straight_lines";0;0;0;2;0
"part13_05";"introspection2";0;0;0;2;0
"part13_05";"introspection1";0;0;0;2;0
"part13_05";"straight_lines_on_spheres2";0;0;0;2;0
"part13_05";"straight_lines_on_various_surfaces";0;0;0;2;0
"part13_05";"definition3";0;0;0;2;0
"part13_05";"planar_geometry";0;0;0;2;0
"part13_05";"straight_lines_on_spheres1";0;0;0;2;0
"part13_05";"definition2";0;0;0;2;0
"part13_35";"lesson2";0;1;3;2;567
"part13_35";"lesson4";0;1;3;2;567
"part13_35";"straight_lines_on_spheres1";0;1;3;2;567
"part13_35";"straight_lines_on_spheres2";0;1;3;2;567
"part13_35";"straight_lines_on_various_surfaces";0;1;3;2;567
"part13_35";"lesson3";0;1;3;2;567
"part13_35";"planar_geometry";1;1;3;2;567
"part13_35";"lessons";1;1;3;2;567
"part13_35";"lesson1";1;1;3;2;567
"part13_35";"definition2";0;1;3;2;567
"part13_35";"introspection1";0;1;3;2;567
"part13_35";"definition3";0;1;3;2;567
"part13_35";"lesson5";0;1;3;2;567
"part13_35";"reasoning_about_straight_lines";0;1;3;2;567
"part13_35";"introspection2";0;1;3;2;567
"part14";"lesson7";0;1;7;2;7123456
"part14";"straight_lines_on_spheres1";0;1;7;2;7123456
"part14";"lesson2";0;1;7;2;7123456
"part14";"definition2";0;1;7;2;7123456
"part14";"introspection1";0;1;7;2;7123456
"part14";"lesson4";0;1;7;2;7123456
"part14";"straight_lines_on_various_surfaces";0;1;7;2;7123456
"part14";"lessons";1;1;7;2;7123456
"part14";"introspection2";0;1;7;2;7123456
"part14";"reasoning_about_straight_lines";0;1;7;2;7123456
"part14";"lesson1";0;1;7;2;7123456
"part14";"straight_lines_on_spheres2";0;1;7;2;7123456
"part14";"lesson5";1;1;7;2;7123456
"part14";"lesson3";1;1;7;2;7123456
"part14";"definition3";0;1;7;2;7123456
"part14";"lesson6";0;1;7;2;7123456
"part14";"planar_geometry";0;1;7;2;7123456
"part14_0";"definition2";0;1;0;5;0
"part14_0";"straight_lines_on_various_surfaces";0;1;0;5;0
"part14_0";"introspection1";0;1;0;5;0
"part14_0";"straight_lines_on_spheres2";0;1;0;5;0
"part14_0";"introspection2";0;1;0;5;0
"part14_0";"reasoning_about_straight_lines";0;1;0;5;0
"part14_0";"definition3";0;1;0;5;0
"part14_0";"planar_geometry";0;1;0;5;0
"part14_0";"straight_lines_on_spheres1";0;1;0;5;0
"part14_05";"definition2";1;1;0;4;0
"part14_05";"definition3";1;1;0;4;0
"part14_05";"planar_geometry";0;1;0;4;0
"part14_05";"reasoning_about_straight_lines";0;1;0;4;0
"part14_05";"straight_lines_on_various_surfaces";1;1;0;4;0
"part14_05";"introspection2";0;1;0;4;0
"part14_05";"introspection1";0;1;0;4;0
"part14_05";"straight_lines_on_spheres2";0;1;0;4;0
"part14_05";"straight_lines_on_spheres1";0;1;0;4;0
"part14_35";"lesson1";1;1;5;5;34567
"part14_35";"straight_lines_on_spheres2";0;1;5;5;34567
"part14_35";"straight_lines_on_various_surfaces";0;1;5;5;34567
"part14_35";"definition2";0;1;5;5;34567
"part14_35";"lessons";1;1;5;5;34567
"part14_35";"lesson4";0;1;5;5;34567
"part14_35";"definition3";0;1;5;5;34567
"part14_35";"introspection1";0;1;5;5;34567
"part14_35";"lesson5";0;1;5;5;34567
"part14_35";"reasoning_about_straight_lines";0;1;5;5;34567
"part14_35";"straight_lines_on_spheres1";0;1;5;5;34567
"part14_35";"lesson3";1;1;5;5;34567
"part14_35";"introspection2";0;1;5;5;34567
"part14_35";"planar_geometry";0;1;5;5;34567
"part14_35";"lesson2";1;1;5;5;34567
"part15";"lesson7";0;1;1;2;1
"part15";"introspection2";0;1;1;2;1
"part15";"straight_lines_on_spheres1";0;1;1;2;1
"part15";"lesson2";0;1;1;2;1
"part15";"straight_lines_on_various_surfaces";0;1;1;2;1
"part15";"lessons";0;1;1;2;1
"part15";"introspection1";0;1;1;2;1
"part15";"reasoning_about_straight_lines";0;1;1;2;1
"part15";"lesson4";0;1;1;2;1
"part15";"straight_lines_on_spheres2";1;1;1;2;1
"part15";"lesson1";0;1;1;2;1
"part15";"lesson3";0;1;1;2;1
"part15";"definition3";0;1;1;2;1
"part15";"lesson6";0;1;1;2;1
"part15";"definition2";0;1;1;2;1
"part15";"lesson5";0;1;1;2;1
"part15";"planar_geometry";0;1;1;2;1
"part15_0";"definition3";0;1;0;2;0
"part15_0";"straight_lines_on_spheres1";0;1;0;2;0
"part15_0";"introspection2";0;1;0;2;0
"part15_0";"reasoning_about_straight_lines";0;1;0;2;0
"part15_0";"straight_lines_on_various_surfaces";0;1;0;2;0
"part15_0";"introspection1";0;1;0;2;0
"part15_0";"planar_geometry";0;1;0;2;0
"part15_0";"straight_lines_on_spheres2";0;1;0;2;0
"part15_0";"definition2";0;1;0;2;0
"part15_05";"introspection2";0;1;0;7;0
"part15_05";"straight_lines_on_various_surfaces";0;1;0;7;0
"part15_05";"definition2";0;1;0;7;0
"part15_05";"introspection1";0;1;0;7;0
"part15_05";"reasoning_about_straight_lines";0;1;0;7;0
"part15_05";"straight_lines_on_spheres1";0;1;0;7;0
"part15_05";"planar_geometry";0;1;0;7;0
"part15_05";"definition3";0;1;0;7;0
"part15_05";"straight_lines_on_spheres2";0;1;0;7;0
"part15_35";"straight_lines_on_various_surfaces";0;1;3;6;765
"part15_35";"definition3";0;1;3;6;765
"part15_35";"straight_lines_on_spheres2";0;1;3;6;765
"part15_35";"planar_geometry";0;1;3;6;765
"part15_35";"reasoning_about_straight_lines";0;1;3;6;765
"part15_35";"introspection1";0;1;3;6;765
"part15_35";"lesson4";0;1;3;6;765
"part15_35";"lesson1";0;1;3;6;765
"part15_35";"lesson2";0;1;3;6;765
"part15_35";"lesson5";0;1;3;6;765
"part15_35";"lessons";0;1;3;6;765
"part15_35";"definition2";0;1;3;6;765
"part15_35";"lesson3";0;1;3;6;765
"part15_35";"introspection2";0;1;3;6;765
"part15_35";"straight_lines_on_spheres1";0;1;3;6;765
"part16";"definition2";0;1;7;4;7654321
"part16";"reasoning_about_straight_lines";0;1;7;4;7654321
"part16";"lesson7";0;1;7;4;7654321
"part16";"lesson2";1;1;7;4;7654321
"part16";"lesson6";0;1;7;4;7654321
"part16";"straight_lines_on_spheres1";0;1;7;4;7654321
"part16";"straight_lines_on_various_surfaces";0;1;7;4;7654321
"part16";"straight_lines_on_spheres2";0;1;7;4;7654321
"part16";"introspection1";0;1;7;4;7654321
"part16";"definition3";0;1;7;4;7654321
"part16";"lesson4";0;1;7;4;7654321
"part16";"lesson1";0;1;7;4;7654321
"part16";"lesson5";0;1;7;4;7654321
"part16";"lessons";1;1;7;4;7654321
"part16";"lesson3";0;1;7;4;7654321
"part16";"introspection2";0;1;7;4;7654321
"part16";"planar_geometry";0;1;7;4;7654321
"part16_0";"definition3";0;1;0;3;0
"part16_0";"straight_lines_on_spheres1";0;1;0;3;0
"part16_0";"straight_lines_on_various_surfaces";0;1;0;3;0
"part16_0";"straight_lines_on_spheres2";0;1;0;3;0
"part16_0";"introspection2";0;1;0;3;0
"part16_0";"definition2";0;1;0;3;0
"part16_0";"reasoning_about_straight_lines";0;1;0;3;0
"part16_0";"introspection1";0;1;0;3;0
"part16_0";"planar_geometry";0;1;0;3;0
"part16_05";"introspection2";0;0;0;4;0
"part16_05";"reasoning_about_straight_lines";0;0;0;4;0
"part16_05";"straight_lines_on_various_surfaces";0;0;0;4;0
"part16_05";"definition2";0;0;0;4;0
"part16_05";"definition3";0;0;0;4;0
"part16_05";"straight_lines_on_spheres2";0;0;0;4;0
"part16_05";"straight_lines_on_spheres1";0;0;0;4;0
"part16_05";"introspection1";0;0;0;4;0
"part16_05";"planar_geometry";0;0;0;4;0
"part16_35";"lesson3";1;1;5;2;76543
"part16_35";"planar_geometry";1;1;5;2;76543
"part16_35";"reasoning_about_straight_lines";0;1;5;2;76543
"part16_35";"straight_lines_on_various_surfaces";0;1;5;2;76543
"part16_35";"lesson5";1;1;5;2;76543
"part16_35";"lesson1";1;1;5;2;76543
"part16_35";"definition3";0;1;5;2;76543
"part16_35";"introspection1";0;1;5;2;76543
"part16_35";"introspection2";0;1;5;2;76543
"part16_35";"definition2";1;1;5;2;76543
"part16_35";"lesson2";1;1;5;2;76543
"part16_35";"lessons";1;1;5;2;76543
"part16_35";"straight_lines_on_spheres1";0;1;5;2;76543
"part16_35";"lesson4";0;1;5;2;76543
"part16_35";"straight_lines_on_spheres2";0;1;5;2;76543
"part17";"reasoning_about_straight_lines";0;1;1;2;2
"part17";"lesson7";0;1;1;2;2
"part17";"lesson6";0;1;1;2;2
"part17";"definition2";0;1;1;2;2
"part17";"lesson5";0;1;1;2;2
"part17";"straight_lines_on_spheres1";0;1;1;2;2
"part17";"lesson2";0;1;1;2;2
"part17";"straight_lines_on_spheres2";0;1;1;2;2
"part17";"definition3";0;1;1;2;2
"part17";"introspection1";0;1;1;2;2
"part17";"lesson1";0;1;1;2;2
"part17";"straight_lines_on_various_surfaces";0;1;1;2;2
"part17";"lessons";0;1;1;2;2
"part17";"introspection2";0;1;1;2;2
"part17";"lesson3";0;1;1;2;2
"part17";"lesson4";0;1;1;2;2
"part17";"planar_geometry";0;1;1;2;2
"part17_0";"straight_lines_on_spheres1";0;1;0;2;0
"part17_0";"straight_lines_on_various_surfaces";0;1;0;2;0
"part17_0";"definition3";0;1;0;2;0
"part17_0";"straight_lines_on_spheres2";0;1;0;2;0
"part17_0";"reasoning_about_straight_lines";0;1;0;2;0
"part17_0";"definition2";0;1;0;2;0
"part17_0";"introspection2";0;1;0;2;0
"part17_0";"planar_geometry";0;1;0;2;0
"part17_0";"introspection1";0;1;0;2;0
"part17_05";"definition2";0;1;0;2;0
"part17_05";"reasoning_about_straight_lines";0;1;0;2;0
"part17_05";"straight_lines_on_various_surfaces";1;1;0;2;0
"part17_05";"planar_geometry";0;1;0;2;0
"part17_05";"introspection1";0;1;0;2;0
"part17_05";"introspection2";0;1;0;2;0
"part17_05";"straight_lines_on_spheres1";0;1;0;2;0
"part17_05";"definition3";0;1;0;2;0
"part17_05";"straight_lines_on_spheres2";0;1;0;2;0
"part17_35";"lesson3";0;1;3;2;432
"part17_35";"introspection1";0;1;3;2;432
"part17_35";"reasoning_about_straight_lines";0;1;3;2;432
"part17_35";"introspection2";0;1;3;2;432
"part17_35";"definition2";0;1;3;2;432
"part17_35";"lesson2";0;1;3;2;432
"part17_35";"lessons";0;1;3;2;432
"part17_35";"lesson4";0;1;3;2;432
"part17_35";"planar_geometry";1;1;3;2;432
"part17_35";"straight_lines_on_various_surfaces";0;1;3;2;432
"part17_35";"lesson5";0;1;3;2;432
"part17_35";"lesson1";0;1;3;2;432
"part17_35";"straight_lines_on_spheres1";0;1;3;2;432
"part17_35";"definition3";0;1;3;2;432
"part17_35";"straight_lines_on_spheres2";0;1;3;2;432
"part18";"introspection2";0;1;7;0;6543217
"part18";"lesson7";0;1;7;0;6543217
"part18";"straight_lines_on_spheres2";0;1;7;0;6543217
"part18";"definition2";0;1;7;0;6543217
"part18";"straight_lines_on_various_surfaces";0;1;7;0;6543217
"part18";"definition3";0;1;7;0;6543217
"part18";"reasoning_about_straight_lines";0;1;7;0;6543217
"part18";"introspection1";0;1;7;0;6543217
"part18";"lesson1";0;1;7;0;6543217
"part18";"straight_lines_on_spheres1";0;1;7;0;6543217
"part18";"lesson6";0;1;7;0;6543217
"part18";"planar_geometry";0;1;7;0;6543217
"part18";"lesson5";0;1;7;0;6543217
"part18";"lesson2";0;1;7;0;6543217
"part18";"lessons";1;1;7;0;6543217
"part18";"lesson3";1;1;7;0;6543217
"part18";"lesson4";0;1;7;0;6543217
"part18_0";"reasoning_about_straight_lines";0;1;0;4;0
"part18_0";"straight_lines_on_spheres2";0;1;0;4;0
"part18_0";"definition2";0;1;0;4;0
"part18_0";"straight_lines_on_spheres1";0;1;0;4;0
"part18_0";"introspection2";0;1;0;4;0
"part18_0";"planar_geometry";0;1;0;4;0
"part18_0";"introspection1";0;1;0;4;0
"part18_0";"straight_lines_on_various_surfaces";0;1;0;4;0
"part18_0";"definition3";0;1;0;4;0
"part18_05";"straight_lines_on_various_surfaces";0;1;0;2;0
"part18_05";"straight_lines_on_spheres2";0;1;0;2;0
"part18_05";"introspection2";0;1;0;2;0
"part18_05";"definition2";0;1;0;2;0
"part18_05";"introspection1";0;1;0;2;0
"part18_05";"straight_lines_on_spheres1";1;1;0;2;0
"part18_05";"planar_geometry";0;1;0;2;0
"part18_05";"reasoning_about_straight_lines";0;1;0;2;0
"part18_05";"definition3";0;1;0;2;0
"part18_35";"reasoning_about_straight_lines";1;1;5;2;21765
"part18_35";"lessons";0;1;5;2;21765
"part18_35";"straight_lines_on_spheres2";1;1;5;2;21765
"part18_35";"lesson2";0;1;5;2;21765
"part18_35";"introspection2";0;1;5;2;21765
"part18_35";"lesson5";0;1;5;2;21765
"part18_35";"definition2";1;1;5;2;21765
"part18_35";"straight_lines_on_various_surfaces";1;1;5;2;21765
"part18_35";"introspection1";0;1;5;2;21765
"part18_35";"lesson4";0;1;5;2;21765
"part18_35";"straight_lines_on_spheres1";0;1;5;2;21765
"part18_35";"definition3";1;1;5;2;21765
"part18_35";"lesson3";0;1;5;2;21765
"part18_35";"planar_geometry";0;1;5;2;21765
"part18_35";"lesson1";0;1;5;2;21765
"part19";"reasoning_about_straight_lines";0;0;1;6;3
"part19";"lesson7";0;0;1;6;3
"part19";"introspection1";0;0;1;6;3
"part19";"straight_lines_on_spheres1";0;0;1;6;3
"part19";"straight_lines_on_various_surfaces";0;0;1;6;3
"part19";"lessons";0;0;1;6;3
"part19";"definition2";0;0;1;6;3
"part19";"lesson3";0;0;1;6;3
"part19";"lesson2";0;0;1;6;3
"part19";"straight_lines_on_spheres2";0;0;1;6;3
"part19";"introspection2";0;0;1;6;3
"part19";"definition3";0;0;1;6;3
"part19";"lesson6";0;0;1;6;3
"part19";"lesson1";0;0;1;6;3
"part19";"lesson5";0;0;1;6;3
"part19";"lesson4";0;0;1;6;3
"part19";"planar_geometry";1;0;1;6;3
"part19_05";"introspection1";0;0;0;2;0
"part19_05";"straight_lines_on_spheres2";0;0;0;2;0
"part19_05";"straight_lines_on_various_surfaces";0;0;0;2;0
"part19_05";"reasoning_about_straight_lines";0;0;0;2;0
"part19_05";"straight_lines_on_spheres1";0;0;0;2;0
"part19_05";"planar_geometry";0;0;0;2;0
"part19_05";"definition2";0;0;0;2;0
"part19_05";"introspection2";0;0;0;2;0
"part19_05";"definition3";0;0;0;2;0
"part19_35";"definition2";0;1;3;4;176
"part19_35";"definition3";0;1;3;4;176
"part19_35";"lessons";1;1;3;4;176
"part19_35";"straight_lines_on_spheres2";0;1;3;4;176
"part19_35";"reasoning_about_straight_lines";0;1;3;4;176
"part19_35";"straight_lines_on_spheres1";0;1;3;4;176
"part19_35";"lesson5";0;1;3;4;176
"part19_35";"lesson4";0;1;3;4;176
"part19_35";"planar_geometry";0;1;3;4;176
"part19_35";"introspection1";0;1;3;4;176
"part19_35";"introspection2";0;1;3;4;176
"part19_35";"lesson2";0;1;3;4;176
"part19_35";"lesson1";1;1;3;4;176
"part19_35";"lesson3";0;1;3;4;176
"part19_35";"straight_lines_on_various_surfaces";0;1;3;4;176
"part2";"reasoning_about_straight_lines";1;0;7;7;1234567
"part2";"lesson7";0;0;7;7;1234567
"part2";"introspection2";0;0;7;7;1234567
"part2";"lesson6";0;0;7;7;1234567
"part2";"lesson2";0;0;7;7;1234567
"part2";"lesson5";0;0;7;7;1234567
"part2";"definition3";0;0;7;7;1234567
"part2";"definition2";0;0;7;7;1234567
"part2";"straight_lines_on_various_surfaces";0;0;7;7;1234567
"part2";"straight_lines_on_spheres2";0;0;7;7;1234567
"part2";"lessons";0;0;7;7;1234567
"part2";"introspection1";0;0;7;7;1234567
"part2";"lesson1";0;0;7;7;1234567
"part2";"lesson4";0;0;7;7;1234567
"part2";"planar_geometry";0;0;7;7;1234567
"part2";"straight_lines_on_spheres1";0;0;7;7;1234567
"part2";"lesson3";0;0;7;7;1234567
"part2_0";"introspection2";0;1;0;2;0
"part2_0";"definition3";0;1;0;2;0
"part2_0";"introspection1";0;1;0;2;0
"part2_0";"definition2";0;1;0;2;0
"part2_0";"straight_lines_on_spheres1";1;1;0;2;0
"part2_0";"straight_lines_on_various_surfaces";1;1;0;2;0
"part2_0";"planar_geometry";0;1;0;2;0
"part2_0";"straight_lines_on_spheres2";0;1;0;2;0
"part2_0";"reasoning_about_straight_lines";0;1;0;2;0
"part2_05";"introspection1";0;0;0;2;0
"part2_05";"planar_geometry";0;0;0;2;0
"part2_05";"introspection2";0;0;0;2;0
"part2_05";"straight_lines_on_spheres2";0;0;0;2;0
"part2_05";"straight_lines_on_spheres1";0;0;0;2;0
"part2_05";"reasoning_about_straight_lines";0;0;0;2;0
"part2_05";"definition2";0;0;0;2;0
"part2_05";"definition3";0;0;0;2;0
"part2_05";"straight_lines_on_various_surfaces";0;0;0;2;0
"part2_35";"introspection1";0;1;5;2;12345
"part2_35";"planar_geometry";0;1;5;2;12345
"part2_35";"lesson2";0;1;5;2;12345
"part2_35";"definition3";0;1;5;2;12345
"part2_35";"lesson3";0;1;5;2;12345
"part2_35";"straight_lines_on_various_surfaces";0;1;5;2;12345
"part2_35";"introspection2";0;1;5;2;12345
"part2_35";"reasoning_about_straight_lines";0;1;5;2;12345
"part2_35";"lesson5";0;1;5;2;12345
"part2_35";"definition2";0;1;5;2;12345
"part2_35";"straight_lines_on_spheres1";0;1;5;2;12345
"part2_35";"lesson1";0;1;5;2;12345
"part2_35";"straight_lines_on_spheres2";0;1;5;2;12345
"part2_35";"lessons";0;1;5;2;12345
"part2_35";"lesson4";0;1;5;2;12345
"part20";"lesson7";0;1;7;7;5432176
"part20";"reasoning_about_straight_lines";0;1;7;7;5432176
"part20";"definition2";0;1;7;7;5432176
"part20";"straight_lines_on_various_surfaces";0;1;7;7;5432176
"part20";"lesson2";0;1;7;7;5432176
"part20";"lesson5";1;1;7;7;5432176
"part20";"straight_lines_on_spheres1";0;1;7;7;5432176
"part20";"lesson4";0;1;7;7;5432176
"part20";"lessons";0;1;7;7;5432176
"part20";"introspection1";0;1;7;7;5432176
"part20";"lesson3";0;1;7;7;5432176
"part20";"lesson1";0;1;7;7;5432176
"part20";"lesson6";0;1;7;7;5432176
"part20";"straight_lines_on_spheres2";0;1;7;7;5432176
"part20";"introspection2";0;1;7;7;5432176
"part20";"definition3";0;1;7;7;5432176
"part20";"planar_geometry";0;1;7;7;5432176
"part20_05";"straight_lines_on_spheres2";0;0;0;2;0
"part20_05";"planar_geometry";0;0;0;2;0
"part20_05";"definition2";0;0;0;2;0
"part20_05";"straight_lines_on_spheres1";0;0;0;2;0
"part20_05";"reasoning_about_straight_lines";0;0;0;2;0
"part20_05";"straight_lines_on_various_surfaces";0;0;0;2;0
"part20_05";"introspection1";0;0;0;2;0
"part20_05";"definition3";0;0;0;2;0
"part20_05";"introspection2";0;0;0;2;0
"part20_35";"lessons";1;1;5;2;43217
"part20_35";"straight_lines_on_spheres1";0;1;5;2;43217
"part20_35";"lesson5";0;1;5;2;43217
"part20_35";"planar_geometry";1;1;5;2;43217
"part20_35";"lesson4";0;1;5;2;43217
"part20_35";"lesson2";0;1;5;2;43217
"part20_35";"straight_lines_on_various_surfaces";0;1;5;2;43217
"part20_35";"introspection2";0;1;5;2;43217
"part20_35";"definition3";0;1;5;2;43217
"part20_35";"straight_lines_on_spheres2";0;1;5;2;43217
"part20_35";"lesson1";1;1;5;2;43217
"part20_35";"lesson3";0;1;5;2;43217
"part20_35";"reasoning_about_straight_lines";0;1;5;2;43217
"part20_35";"introspection1";0;1;5;2;43217
"part20_35";"definition2";0;1;5;2;43217
"part21";"reasoning_about_straight_lines";0;1;1;4;4
"part21";"straight_lines_on_spheres1";0;1;1;4;4
"part21";"lesson2";0;1;1;4;4
"part21";"lesson5";0;1;1;4;4
"part21";"definition2";0;1;1;4;4
"part21";"introspection1";0;1;1;4;4
"part21";"lesson3";0;1;1;4;4
"part21";"straight_lines_on_various_surfaces";0;1;1;4;4
"part21";"lesson7";0;1;1;4;4
"part21";"introspection2";0;1;1;4;4
"part21";"lesson6";0;1;1;4;4
"part21";"straight_lines_on_spheres2";0;1;1;4;4
"part21";"lessons";0;1;1;4;4
"part21";"definition3";0;1;1;4;4
"part21";"lesson1";0;1;1;4;4
"part21";"planar_geometry";0;1;1;4;4
"part21";"lesson4";0;1;1;4;4
"part21_05";"straight_lines_on_spheres2";0;0;0;4;0
"part21_05";"reasoning_about_straight_lines";0;0;0;4;0
"part21_05";"straight_lines_on_various_surfaces";0;0;0;4;0
"part21_05";"straight_lines_on_spheres1";0;0;0;4;0
"part21_05";"definition2";0;0;0;4;0
"part21_05";"planar_geometry";0;0;0;4;0
"part21_05";"introspection2";0;0;0;4;0
"part21_05";"introspection1";0;0;0;4;0
"part21_05";"definition3";0;0;0;4;0
"part21_35";"lesson2";0;1;3;2;543
"part21_35";"lesson5";0;1;3;2;543
"part21_35";"lesson4";0;1;3;2;543
"part21_35";"lessons";0;1;3;2;543
"part21_35";"lesson1";0;1;3;2;543
"part21_35";"introspection2";0;1;3;2;543
"part21_35";"straight_lines_on_spheres1";0;1;3;2;543
"part21_35";"definition2";0;1;3;2;543
"part21_35";"straight_lines_on_spheres2";0;1;3;2;543
"part21_35";"straight_lines_on_various_surfaces";0;1;3;2;543
"part21_35";"lesson3";0;1;3;2;543
"part21_35";"introspection1";0;1;3;2;543
"part21_35";"planar_geometry";0;1;3;2;543
"part21_35";"definition3";0;1;3;2;543
"part21_35";"reasoning_about_straight_lines";0;1;3;2;543
"part22";"lesson7";0;1;7;7;4321765
"part22";"introspection1";0;1;7;7;4321765
"part22";"reasoning_about_straight_lines";1;1;7;7;4321765
"part22";"straight_lines_on_spheres2";0;1;7;7;4321765
"part22";"introspection2";0;1;7;7;4321765
"part22";"lesson5";0;1;7;7;4321765
"part22";"straight_lines_on_various_surfaces";0;1;7;7;4321765
"part22";"lesson3";0;1;7;7;4321765
"part22";"definition2";0;1;7;7;4321765
"part22";"definition3";0;1;7;7;4321765
"part22";"planar_geometry";0;1;7;7;4321765
"part22";"lesson6";0;1;7;7;4321765
"part22";"lesson2";0;1;7;7;4321765
"part22";"lessons";0;1;7;7;4321765
"part22";"straight_lines_on_spheres1";0;1;7;7;4321765
"part22";"lesson1";0;1;7;7;4321765
"part22";"lesson4";0;1;7;7;4321765
"part22_35";"lesson4";1;1;5;5;65432
"part22_35";"lesson5";1;1;5;5;65432
"part22_35";"introspection2";0;1;5;5;65432
"part22_35";"straight_lines_on_spheres1";1;1;5;5;65432
"part22_35";"lesson1";1;1;5;5;65432
"part22_35";"straight_lines_on_various_surfaces";1;1;5;5;65432
"part22_35";"lesson3";1;1;5;5;65432
"part22_35";"straight_lines_on_spheres2";1;1;5;5;65432
"part22_35";"definition3";1;1;5;5;65432
"part22_35";"planar_geometry";1;1;5;5;65432
"part22_35";"lesson2";1;1;5;5;65432
"part22_35";"introspection1";0;1;5;5;65432
"part22_35";"reasoning_about_straight_lines";1;1;5;5;65432
"part22_35";"lessons";1;1;5;5;65432
"part22_35";"definition2";1;1;5;5;65432
"part23";"reasoning_about_straight_lines";1;0;1;4;5
"part23";"lesson5";0;0;1;4;5
"part23";"lesson6";0;0;1;4;5
"part23";"lesson2";0;0;1;4;5
"part23";"introspection1";0;0;1;4;5
"part23";"lesson3";0;0;1;4;5
"part23";"straight_lines_on_spheres1";1;0;1;4;5
"part23";"straight_lines_on_various_surfaces";0;0;1;4;5
"part23";"lessons";1;0;1;4;5
"part23";"introspection2";0;0;1;4;5
"part23";"definition3";0;0;1;4;5
"part23";"lesson1";1;0;1;4;5
"part23";"straight_lines_on_spheres2";0;0;1;4;5
"part23";"lesson7";0;0;1;4;5
"part23";"planar_geometry";0;0;1;4;5
"part23";"definition2";0;0;1;4;5
"part23";"lesson4";0;0;1;4;5
"part23_35";"lesson4";0;0;3;2;217
"part23_35";"lesson5";0;0;3;2;217
"part23_35";"introspection2";0;0;3;2;217
"part23_35";"straight_lines_on_spheres1";0;0;3;2;217
"part23_35";"lesson3";0;0;3;2;217
"part23_35";"lesson2";1;0;3;2;217
"part23_35";"lesson1";0;0;3;2;217
"part23_35";"straight_lines_on_various_surfaces";1;0;3;2;217
"part23_35";"planar_geometry";0;0;3;2;217
"part23_35";"introspection1";0;0;3;2;217
"part23_35";"straight_lines_on_spheres2";0;0;3;2;217
"part23_35";"definition3";0;0;3;2;217
"part23_35";"definition2";0;0;3;2;217
"part23_35";"reasoning_about_straight_lines";0;0;3;2;217
"part23_35";"lessons";1;0;3;2;217
"part24";"reasoning_about_straight_lines";1;0;7;3;3217654
"part24";"lesson2";1;0;7;3;3217654
"part24";"straight_lines_on_spheres1";1;0;7;3;3217654
"part24";"straight_lines_on_various_surfaces";1;0;7;3;3217654
"part24";"lesson5";1;0;7;3;3217654
"part24";"introspection1";1;0;7;3;3217654
"part24";"lesson6";0;0;7;3;3217654
"part24";"lesson7";0;0;7;3;3217654
"part24";"introspection2";1;0;7;3;3217654
"part24";"definition2";1;0;7;3;3217654
"part24";"lesson1";1;0;7;3;3217654
"part24";"lessons";1;0;7;3;3217654
"part24";"definition3";0;0;7;3;3217654
"part24";"lesson3";1;0;7;3;3217654
"part24";"straight_lines_on_spheres2";0;0;7;3;3217654
"part24";"lesson4";0;0;7;3;3217654
"part24";"planar_geometry";1;0;7;3;3217654
"part24_35";"lesson5";0;1;5;3;17654
"part24_35";"lesson2";0;1;5;3;17654
"part24_35";"introspection2";0;1;5;3;17654
"part24_35";"straight_lines_on_spheres1";0;1;5;3;17654
"part24_35";"straight_lines_on_spheres2";0;1;5;3;17654
"part24_35";"definition3";0;1;5;3;17654
"part24_35";"straight_lines_on_various_surfaces";0;1;5;3;17654
"part24_35";"lesson1";1;1;5;3;17654
"part24_35";"introspection1";0;1;5;3;17654
"part24_35";"reasoning_about_straight_lines";0;1;5;3;17654
"part24_35";"lesson4";0;1;5;3;17654
"part24_35";"planar_geometry";0;1;5;3;17654
"part24_35";"lesson3";0;1;5;3;17654
"part24_35";"lessons";1;1;5;3;17654
"part24_35";"definition2";0;1;5;3;17654
"part25";"reasoning_about_straight_lines";0;1;1;4;6
"part25";"lesson7";0;1;1;4;6
"part25";"lesson2";0;1;1;4;6
"part25";"introspection1";0;1;1;4;6
"part25";"straight_lines_on_various_surfaces";1;1;1;4;6
"part25";"definition2";0;1;1;4;6
"part25";"lesson1";0;1;1;4;6
"part25";"straight_lines_on_spheres1";0;1;1;4;6
"part25";"lesson4";0;1;1;4;6
"part25";"lesson5";0;1;1;4;6
"part25";"definition3";0;1;1;4;6
"part25";"lesson3";0;1;1;4;6
"part25";"lesson6";0;1;1;4;6
"part25";"lessons";0;1;1;4;6
"part25";"introspection2";0;1;1;4;6
"part25";"straight_lines_on_spheres2";0;1;1;4;6
"part25";"planar_geometry";0;1;1;4;6
"part25_35";"straight_lines_on_spheres2";0;0;3;4;654
"part25_35";"introspection1";0;0;3;4;654
"part25_35";"straight_lines_on_spheres1";0;0;3;4;654
"part25_35";"definition3";0;0;3;4;654
"part25_35";"lesson4";0;0;3;4;654
"part25_35";"introspection2";0;0;3;4;654
"part25_35";"lesson1";0;0;3;4;654
"part25_35";"reasoning_about_straight_lines";0;0;3;4;654
"part25_35";"lesson5";0;0;3;4;654
"part25_35";"lesson3";1;0;3;4;654
"part25_35";"lesson2";0;0;3;4;654
"part25_35";"planar_geometry";0;0;3;4;654
"part25_35";"lessons";1;0;3;4;654
"part25_35";"straight_lines_on_various_surfaces";0;0;3;4;654
"part25_35";"definition2";0;0;3;4;654
"part26";"reasoning_about_straight_lines";0;0;7;5;2176543
"part26";"lesson6";0;0;7;5;2176543
"part26";"lesson1";1;0;7;5;2176543
"part26";"lesson5";0;0;7;5;2176543
"part26";"introspection1";0;0;7;5;2176543
"part26";"definition2";0;0;7;5;2176543
"part26";"lesson2";0;0;7;5;2176543
"part26";"lesson7";0;0;7;5;2176543
"part26";"planar_geometry";0;0;7;5;2176543
"part26";"lesson3";0;0;7;5;2176543
"part26";"straight_lines_on_various_surfaces";0;0;7;5;2176543
"part26";"lessons";1;0;7;5;2176543
"part26";"straight_lines_on_spheres2";0;0;7;5;2176543
"part26";"introspection2";0;0;7;5;2176543
"part26";"straight_lines_on_spheres1";0;0;7;5;2176543
"part26";"lesson4";0;0;7;5;2176543
"part26";"definition3";0;0;7;5;2176543
"part26_35";"lesson4";0;1;5;2;32176
"part26_35";"lesson2";0;1;5;2;32176
"part26_35";"lessons";0;1;5;2;32176
"part26_35";"straight_lines_on_various_surfaces";0;1;5;2;32176
"part26_35";"introspection2";0;1;5;2;32176
"part26_35";"lesson1";0;1;5;2;32176
"part26_35";"straight_lines_on_spheres1";0;1;5;2;32176
"part26_35";"lesson3";0;1;5;2;32176
"part26_35";"definition2";0;1;5;2;32176
"part26_35";"definition3";0;1;5;2;32176
"part26_35";"planar_geometry";0;1;5;2;32176
"part26_35";"straight_lines_on_spheres2";0;1;5;2;32176
"part26_35";"reasoning_about_straight_lines";0;1;5;2;32176
"part26_35";"lesson5";0;1;5;2;32176
"part26_35";"introspection1";0;1;5;2;32176
"part27";"lesson7";0;1;1;6;7
"part27";"introspection2";0;1;1;6;7
"part27";"reasoning_about_straight_lines";0;1;1;6;7
"part27";"definition2";0;1;1;6;7
"part27";"straight_lines_on_spheres1";0;1;1;6;7
"part27";"lesson2";0;1;1;6;7
"part27";"lessons";1;1;1;6;7
"part27";"introspection1";0;1;1;6;7
"part27";"lesson3";0;1;1;6;7
"part27";"definition3";0;1;1;6;7
"part27";"straight_lines_on_various_surfaces";0;1;1;6;7
"part27";"straight_lines_on_spheres2";0;1;1;6;7
"part27";"lesson1";1;1;1;6;7
"part27";"lesson4";0;1;1;6;7
"part27";"lesson6";0;1;1;6;7
"part27";"lesson5";0;1;1;6;7
"part27";"planar_geometry";0;1;1;6;7
"part27_35";"straight_lines_on_various_surfaces";0;1;3;5;321
"part27_35";"straight_lines_on_spheres2";1;1;3;5;321
"part27_35";"lesson2";0;1;3;5;321
"part27_35";"lesson1";0;1;3;5;321
"part27_35";"straight_lines_on_spheres1";1;1;3;5;321
"part27_35";"introspection1";0;1;3;5;321
"part27_35";"lessons";0;1;3;5;321
"part27_35";"definition2";0;1;3;5;321
"part27_35";"planar_geometry";0;1;3;5;321
"part27_35";"lesson4";0;1;3;5;321
"part27_35";"definition3";0;1;3;5;321
"part27_35";"lesson5";0;1;3;5;321
"part27_35";"introspection2";0;1;3;5;321
"part27_35";"reasoning_about_straight_lines";0;1;3;5;321
"part27_35";"lesson3";0;1;3;5;321
"part28";"reasoning_about_straight_lines";1;1;7;7;1765432
"part28";"lesson2";0;1;7;7;1765432
"part28";"definition2";0;1;7;7;1765432
"part28";"lessons";0;1;7;7;1765432
"part28";"lesson7";0;1;7;7;1765432
"part28";"lesson6";0;1;7;7;1765432
"part28";"introspection1";0;1;7;7;1765432
"part28";"planar_geometry";0;1;7;7;1765432
"part28";"straight_lines_on_various_surfaces";1;1;7;7;1765432
"part28";"straight_lines_on_spheres2";0;1;7;7;1765432
"part28";"introspection2";0;1;7;7;1765432
"part28";"definition3";0;1;7;7;1765432
"part28";"straight_lines_on_spheres1";0;1;7;7;1765432
"part28";"lesson3";0;1;7;7;1765432
"part28";"lesson5";0;1;7;7;1765432
"part28";"lesson4";0;1;7;7;1765432
"part28";"lesson1";0;1;7;7;1765432
"part28_35";"straight_lines_on_various_surfaces";1;1;5;2;54321
"part28_35";"straight_lines_on_spheres1";0;1;5;2;54321
"part28_35";"lesson2";0;1;5;2;54321
"part28_35";"planar_geometry";0;1;5;2;54321
"part28_35";"introspection1";0;1;5;2;54321
"part28_35";"lessons";0;1;5;2;54321
"part28_35";"lesson1";0;1;5;2;54321
"part28_35";"introspection2";0;1;5;2;54321
"part28_35";"lesson4";0;1;5;2;54321
"part28_35";"definition3";0;1;5;2;54321
"part28_35";"lesson5";0;1;5;2;54321
"part28_35";"lesson3";0;1;5;2;54321
"part28_35";"reasoning_about_straight_lines";0;1;5;2;54321
"part28_35";"straight_lines_on_spheres2";0;1;5;2;54321
"part28_35";"definition2";0;1;5;2;54321
"part29";"introspection1";0;1;1;4;1
"part29";"reasoning_about_straight_lines";0;1;1;4;1
"part29";"lesson7";0;1;1;4;1
"part29";"lessons";1;1;1;4;1
"part29";"introspection2";0;1;1;4;1
"part29";"straight_lines_on_spheres1";0;1;1;4;1
"part29";"straight_lines_on_various_surfaces";0;1;1;4;1
"part29";"straight_lines_on_spheres2";0;1;1;4;1
"part29";"definition2";0;1;1;4;1
"part29";"lesson3";0;1;1;4;1
"part29";"lesson4";0;1;1;4;1
"part29";"lesson2";0;1;1;4;1
"part29";"planar_geometry";0;1;1;4;1
"part29";"lesson1";1;1;1;4;1
"part29";"definition3";0;1;1;4;1
"part29";"lesson6";0;1;1;4;1
"part29";"lesson5";0;1;1;4;1
"part29_35";"lesson1";0;0;5;2;45671
"part29_35";"lesson2";0;0;5;2;45671
"part29_35";"planar_geometry";0;0;5;2;45671
"part29_35";"reasoning_about_straight_lines";0;0;5;2;45671
"part29_35";"definition2";0;0;5;2;45671
"part29_35";"lesson5";0;0;5;2;45671
"part29_35";"introspection1";0;0;5;2;45671
"part29_35";"lesson4";1;0;5;2;45671
"part29_35";"straight_lines_on_spheres1";0;0;5;2;45671
"part29_35";"introspection2";0;0;5;2;45671
"part29_35";"lesson3";0;0;5;2;45671
"part29_35";"straight_lines_on_various_surfaces";0;0;5;2;45671
"part29_35";"lessons";1;0;5;2;45671
"part29_35";"straight_lines_on_spheres2";0;0;5;2;45671
"part29_35";"definition3";0;0;5;2;45671
"part3";"straight_lines_on_spheres2";0;0;1;2;2
"part3";"introspection1";0;0;1;2;2
"part3";"lesson7";0;0;1;2;2
"part3";"lesson2";0;0;1;2;2
"part3";"introspection2";0;0;1;2;2
"part3";"lesson1";1;0;1;2;2
"part3";"straight_lines_on_spheres1";0;0;1;2;2
"part3";"straight_lines_on_various_surfaces";0;0;1;2;2
"part3";"planar_geometry";0;0;1;2;2
"part3";"definition2";0;0;1;2;2
"part3";"lesson3";0;0;1;2;2
"part3";"reasoning_about_straight_lines";0;0;1;2;2
"part3";"lesson6";0;0;1;2;2
"part3";"lessons";1;0;1;2;2
"part3";"lesson5";0;0;1;2;2
"part3";"definition3";0;0;1;2;2
"part3";"lesson4";0;0;1;2;2
"part3_0";"definition3";0;1;0;6;0
"part3_0";"introspection2";0;1;0;6;0
"part3_0";"straight_lines_on_spheres1";0;1;0;6;0
"part3_0";"definition2";0;1;0;6;0
"part3_0";"introspection1";0;1;0;6;0
"part3_0";"straight_lines_on_various_surfaces";1;1;0;6;0
"part3_0";"straight_lines_on_spheres2";0;1;0;6;0
"part3_0";"reasoning_about_straight_lines";0;1;0;6;0
"part3_0";"planar_geometry";1;1;0;6;0
"part3_05";"planar_geometry";0;1;0;5;0
"part3_05";"introspection1";0;1;0;5;0
"part3_05";"definition2";0;1;0;5;0
"part3_05";"definition3";0;1;0;5;0
"part3_05";"reasoning_about_straight_lines";0;1;0;5;0
"part3_05";"straight_lines_on_spheres1";0;1;0;5;0
"part3_05";"straight_lines_on_spheres2";1;1;0;5;0
"part3_05";"straight_lines_on_various_surfaces";0;1;0;5;0
"part3_05";"introspection2";0;1;0;5;0
"part3_35";"planar_geometry";1;1;3;2;456
"part3_35";"lesson3";0;1;3;2;456
"part3_35";"lesson2";0;1;3;2;456
"part3_35";"lesson1";0;1;3;2;456
"part3_35";"lesson5";0;1;3;2;456
"part3_35";"reasoning_about_straight_lines";0;1;3;2;456
"part3_35";"straight_lines_on_spheres2";0;1;3;2;456
"part3_35";"lesson4";0;1;3;2;456
"part3_35";"straight_lines_on_various_surfaces";0;1;3;2;456
"part3_35";"lessons";0;1;3;2;456
"part3_35";"introspection2";0;1;3;2;456
"part3_35";"introspection1";0;1;3;2;456
"part3_35";"definition2";0;1;3;2;456
"part3_35";"straight_lines_on_spheres1";0;1;3;2;456
"part3_35";"definition3";0;1;3;2;456
"part30";"introspection1";0;1;7;4;1234567
"part30";"reasoning_about_straight_lines";0;1;7;4;1234567
"part30";"lesson5";0;1;7;4;1234567
"part30";"introspection2";0;1;7;4;1234567
"part30";"straight_lines_on_spheres1";0;1;7;4;1234567
"part30";"straight_lines_on_various_surfaces";0;1;7;4;1234567
"part30";"lessons";0;1;7;4;1234567
"part30";"definition2";0;1;7;4;1234567
"part30";"definition3";0;1;7;4;1234567
"part30";"lesson1";0;1;7;4;1234567
"part30";"lesson2";0;1;7;4;1234567
"part30";"lesson7";0;1;7;4;1234567
"part30";"lesson6";0;1;7;4;1234567
"part30";"lesson3";0;1;7;4;1234567
"part30";"straight_lines_on_spheres2";0;1;7;4;1234567
"part30";"lesson4";0;1;7;4;1234567
"part30";"planar_geometry";0;1;7;4;1234567
"part30_35";"planar_geometry";0;1;5;2;45671
"part30_35";"reasoning_about_straight_lines";0;1;5;2;45671
"part30_35";"lesson2";0;1;5;2;45671
"part30_35";"lesson4";0;1;5;2;45671
"part30_35";"lessons";1;1;5;2;45671
"part30_35";"introspection2";0;1;5;2;45671
"part30_35";"lesson1";0;1;5;2;45671
"part30_35";"introspection1";0;1;5;2;45671
"part30_35";"lesson3";0;1;5;2;45671
"part30_35";"straight_lines_on_spheres1";0;1;5;2;45671
"part30_35";"lesson5";1;1;5;2;45671
"part30_35";"straight_lines_on_various_surfaces";0;1;5;2;45671
"part30_35";"definition2";0;1;5;2;45671
"part30_35";"straight_lines_on_spheres2";0;1;5;2;45671
"part30_35";"definition3";0;1;5;2;45671
"part31";"definition2";0;1;1;6;2
"part31";"lesson7";0;1;1;6;2
"part31";"lesson6";0;1;1;6;2
"part31";"introspection1";0;1;1;6;2
"part31";"introspection2";0;1;1;6;2
"part31";"straight_lines_on_spheres1";0;1;1;6;2
"part31";"lesson2";0;1;1;6;2
"part31";"lessons";0;1;1;6;2
"part31";"reasoning_about_straight_lines";0;1;1;6;2
"part31";"lesson3";0;1;1;6;2
"part31";"lesson5";0;1;1;6;2
"part31";"definition3";0;1;1;6;2
"part31";"lesson4";0;1;1;6;2
"part31";"straight_lines_on_various_surfaces";0;1;1;6;2
"part31";"lesson1";0;1;1;6;2
"part31";"straight_lines_on_spheres2";0;1;1;6;2
"part31";"planar_geometry";0;1;1;6;2
"part31_35";"introspection1";0;1;3;4;217
"part31_35";"introspection2";0;1;3;4;217
"part31_35";"lesson3";0;1;3;4;217
"part31_35";"straight_lines_on_various_surfaces";0;1;3;4;217
"part31_35";"reasoning_about_straight_lines";0;1;3;4;217
"part31_35";"lesson2";0;1;3;4;217
"part31_35";"lesson5";0;1;3;4;217
"part31_35";"straight_lines_on_spheres1";0;1;3;4;217
"part31_35";"lessons";0;1;3;4;217
"part31_35";"lesson1";0;1;3;4;217
"part31_35";"straight_lines_on_spheres2";0;1;3;4;217
"part31_35";"planar_geometry";0;1;3;4;217
"part31_35";"definition2";0;1;3;4;217
"part31_35";"definition3";0;1;3;4;217
"part31_35";"lesson4";0;1;3;4;217
"part32";"introspection2";0;0;7;5;5432176
"part32";"definition2";0;0;7;5;5432176
"part32";"reasoning_about_straight_lines";0;0;7;5;5432176
"part32";"lesson7";0;0;7;5;5432176
"part32";"lesson1";0;0;7;5;5432176
"part32";"straight_lines_on_various_surfaces";0;0;7;5;5432176
"part32";"lesson6";0;0;7;5;5432176
"part32";"straight_lines_on_spheres2";0;0;7;5;5432176
"part32";"lesson5";0;0;7;5;5432176
"part32";"lesson2";0;0;7;5;5432176
"part32";"lesson4";1;0;7;5;5432176
"part32";"lessons";1;0;7;5;5432176
"part32";"lesson3";0;0;7;5;5432176
"part32";"introspection1";0;0;7;5;5432176
"part32";"definition3";0;0;7;5;5432176
"part32";"planar_geometry";0;0;7;5;5432176
"part32";"straight_lines_on_spheres1";0;0;7;5;5432176
"part32_35";"lesson2";0;1;3;4;654
"part32_35";"reasoning_about_straight_lines";0;1;3;4;654
"part32_35";"lesson1";0;1;3;4;654
"part32_35";"lessons";0;1;3;4;654
"part32_35";"introspection2";0;1;3;4;654
"part32_35";"straight_lines_on_spheres2";0;1;3;4;654
"part32_35";"straight_lines_on_spheres1";0;1;3;4;654
"part32_35";"definition2";1;1;3;4;654
"part32_35";"lesson5";0;1;3;4;654
"part32_35";"introspection1";0;1;3;4;654
"part32_35";"planar_geometry";0;1;3;4;654
"part32_35";"straight_lines_on_various_surfaces";0;1;3;4;654
"part32_35";"lesson3";0;1;3;4;654
"part32_35";"lesson4";0;1;3;4;654
"part32_35";"definition3";0;1;3;4;654
"part33";"introspection2";0;1;1;3;6
"part33";"reasoning_about_straight_lines";0;1;1;3;6
"part33";"lesson3";0;1;1;3;6
"part33";"introspection1";0;1;1;3;6
"part33";"straight_lines_on_various_surfaces";0;1;1;3;6
"part33";"lesson7";0;1;1;3;6
"part33";"straight_lines_on_spheres2";0;1;1;3;6
"part33";"lesson6";0;1;1;3;6
"part33";"lesson2";0;1;1;3;6
"part33";"lesson5";0;1;1;3;6
"part33";"lessons";0;1;1;3;6
"part33";"definition2";0;1;1;3;6
"part33";"definition3";0;1;1;3;6
"part33";"lesson4";0;1;1;3;6
"part33";"planar_geometry";0;1;1;3;6
"part33";"lesson1";0;1;1;3;6
"part33";"straight_lines_on_spheres1";0;1;1;3;6
"part34";"lesson7";0;1;7;5;3217654
"part34";"introspection2";0;1;7;5;3217654
"part34";"lesson5";0;1;7;5;3217654
"part34";"straight_lines_on_various_surfaces";0;1;7;5;3217654
"part34";"lesson2";1;1;7;5;3217654
"part34";"definition3";0;1;7;5;3217654
"part34";"reasoning_about_straight_lines";0;1;7;5;3217654
"part34";"straight_lines_on_spheres1";0;1;7;5;3217654
"part34";"lesson6";0;1;7;5;3217654
"part34";"definition2";0;1;7;5;3217654
"part34";"lessons";1;1;7;5;3217654
"part34";"lesson3";0;1;7;5;3217654
"part34";"planar_geometry";0;1;7;5;3217654
"part34";"straight_lines_on_spheres2";0;1;7;5;3217654
"part34";"lesson4";0;1;7;5;3217654
"part34";"introspection1";0;1;7;5;3217654
"part34";"lesson1";0;1;7;5;3217654
"part35";"lesson6";0;0;1;2;3
"part35";"lesson5";0;0;1;2;3
"part35";"definition2";0;0;1;2;3
"part35";"reasoning_about_straight_lines";0;0;1;2;3
"part35";"straight_lines_on_spheres2";0;0;1;2;3
"part35";"lesson7";0;0;1;2;3
"part35";"introspection1";0;0;1;2;3
"part35";"lesson1";0;0;1;2;3
"part35";"lesson2";0;0;1;2;3
"part35";"lessons";0;0;1;2;3
"part35";"introspection2";0;0;1;2;3
"part35";"straight_lines_on_spheres1";0;0;1;2;3
"part35";"straight_lines_on_various_surfaces";0;0;1;2;3
"part35";"lesson4";0;0;1;2;3
"part35";"planar_geometry";0;0;1;2;3
"part35";"lesson3";0;0;1;2;3
"part35";"definition3";0;0;1;2;3
"part36";"introspection2";0;1;7;5;2176543
"part36";"lesson6";0;1;7;5;2176543
"part36";"straight_lines_on_various_surfaces";0;1;7;5;2176543
"part36";"lesson7";0;1;7;5;2176543
"part36";"lessons";0;1;7;5;2176543
"part36";"definition2";0;1;7;5;2176543
"part36";"lesson1";0;1;7;5;2176543
"part36";"lesson5";0;1;7;5;2176543
"part36";"straight_lines_on_spheres2";0;1;7;5;2176543
"part36";"straight_lines_on_spheres1";0;1;7;5;2176543
"part36";"reasoning_about_straight_lines";0;1;7;5;2176543
"part36";"lesson3";0;1;7;5;2176543
"part36";"planar_geometry";0;1;7;5;2176543
"part36";"introspection1";0;1;7;5;2176543
"part36";"definition3";0;1;7;5;2176543
"part36";"lesson2";0;1;7;5;2176543
"part36";"lesson4";0;1;7;5;2176543
"part37";"reasoning_about_straight_lines";0;1;1;3;5
"part37";"straight_lines_on_spheres1";0;1;1;3;5
"part37";"introspection1";0;1;1;3;5
"part37";"straight_lines_on_various_surfaces";0;1;1;3;5
"part37";"lesson6";0;1;1;3;5
"part37";"definition2";0;1;1;3;5
"part37";"lesson7";0;1;1;3;5
"part37";"lesson3";0;1;1;3;5
"part37";"lesson2";0;1;1;3;5
"part37";"lessons";0;1;1;3;5
"part37";"definition3";0;1;1;3;5
"part37";"introspection2";0;1;1;3;5
"part37";"lesson5";0;1;1;3;5
"part37";"straight_lines_on_spheres2";0;1;1;3;5
"part37";"lesson4";0;1;1;3;5
"part37";"planar_geometry";0;1;1;3;5
"part37";"lesson1";0;1;1;3;5
"part38";"reasoning_about_straight_lines";0;1;1;2;3
"part38";"lesson5";0;1;1;2;3
"part38";"introspection1";0;1;1;2;3
"part38";"lesson6";0;1;1;2;3
"part38";"lesson2";0;1;1;2;3
"part38";"definition2";0;1;1;2;3
"part38";"planar_geometry";0;1;1;2;3
"part38";"straight_lines_on_spheres1";0;1;1;2;3
"part38";"straight_lines_on_various_surfaces";0;1;1;2;3
"part38";"lessons";0;1;1;2;3
"part38";"lesson7";0;1;1;2;3
"part38";"lesson3";0;1;1;2;3
"part38";"definition3";0;1;1;2;3
"part38";"lesson1";0;1;1;2;3
"part38";"straight_lines_on_spheres2";0;1;1;2;3
"part38";"introspection2";0;1;1;2;3
"part38";"lesson4";0;1;1;2;3
"part4";"lesson7";0;1;7;5;2345671
"part4";"straight_lines_on_spheres2";0;1;7;5;2345671
"part4";"introspection2";0;1;7;5;2345671
"part4";"introspection1";0;1;7;5;2345671
"part4";"straight_lines_on_various_surfaces";0;1;7;5;2345671
"part4";"lesson2";0;1;7;5;2345671
"part4";"definition2";0;1;7;5;2345671
"part4";"lesson1";0;1;7;5;2345671
"part4";"reasoning_about_straight_lines";0;1;7;5;2345671
"part4";"lesson6";0;1;7;5;2345671
"part4";"planar_geometry";0;1;7;5;2345671
"part4";"lesson5";0;1;7;5;2345671
"part4";"lesson3";1;1;7;5;2345671
"part4";"lesson4";0;1;7;5;2345671
"part4";"lessons";1;1;7;5;2345671
"part4";"straight_lines_on_spheres1";0;1;7;5;2345671
"part4";"definition3";0;1;7;5;2345671
"part4_0";"definition2";0;0;0;1;0
"part4_0";"straight_lines_on_various_surfaces";0;0;0;1;0
"part4_0";"definition3";0;0;0;1;0
"part4_0";"introspection2";0;0;0;1;0
"part4_0";"straight_lines_on_spheres2";0;0;0;1;0
"part4_0";"straight_lines_on_spheres1";0;0;0;1;0
"part4_0";"introspection1";0;0;0;1;0
"part4_0";"reasoning_about_straight_lines";0;0;0;1;0
"part4_0";"planar_geometry";0;0;0;1;0
"part4_05";"planar_geometry";0;0;0;0;0
"part4_05";"straight_lines_on_spheres1";0;0;0;0;0
"part4_05";"definition3";0;0;0;0;0
"part4_05";"reasoning_about_straight_lines";0;0;0;0;0
"part4_05";"introspection2";0;0;0;0;0
"part4_05";"definition2";0;0;0;0;0
"part4_05";"introspection1";0;0;0;0;0
"part4_05";"straight_lines_on_various_surfaces";0;0;0;0;0
"part4_05";"straight_lines_on_spheres2";0;0;0;0;0
"part4_35";"planar_geometry";0;1;5;6;67123
"part4_35";"lesson3";1;1;5;6;67123
"part4_35";"introspection2";0;1;5;6;67123
"part4_35";"lesson1";0;1;5;6;67123
"part4_35";"straight_lines_on_spheres2";0;1;5;6;67123
"part4_35";"lessons";1;1;5;6;67123
"part4_35";"reasoning_about_straight_lines";0;1;5;6;67123
"part4_35";"introspection1";0;1;5;6;67123
"part4_35";"lesson4";0;1;5;6;67123
"part4_35";"lesson5";1;1;5;6;67123
"part4_35";"lesson2";0;1;5;6;67123
"part4_35";"straight_lines_on_spheres1";0;1;5;6;67123
"part4_35";"definition3";0;1;5;6;67123
"part4_35";"definition2";0;1;5;6;67123
"part4_35";"straight_lines_on_various_surfaces";1;1;5;6;67123
"part5";"definition2";0;1;1;7;3
"part5";"lesson3";0;1;1;7;3
"part5";"lesson7";0;1;1;7;3
"part5";"lesson2";0;1;1;7;3
"part5";"reasoning_about_straight_lines";0;1;1;7;3
"part5";"introspection1";0;1;1;7;3
"part5";"straight_lines_on_various_surfaces";0;1;1;7;3
"part5";"lesson1";0;1;1;7;3
"part5";"lesson5";0;1;1;7;3
"part5";"introspection2";0;1;1;7;3
"part5";"planar_geometry";0;1;1;7;3
"part5";"straight_lines_on_spheres2";0;1;1;7;3
"part5";"lessons";0;1;1;7;3
"part5";"definition3";0;1;1;7;3
"part5";"lesson6";0;1;1;7;3
"part5";"straight_lines_on_spheres1";0;1;1;7;3
"part5";"lesson4";0;1;1;7;3
"part5_0";"reasoning_about_straight_lines";1;0;0;2;0
"part5_0";"definition3";0;0;0;2;0
"part5_0";"planar_geometry";0;0;0;2;0
"part5_0";"straight_lines_on_spheres1";0;0;0;2;0
"part5_0";"introspection1";0;0;0;2;0
"part5_0";"straight_lines_on_various_surfaces";1;0;0;2;0
"part5_0";"introspection2";0;0;0;2;0
"part5_0";"straight_lines_on_spheres2";0;0;0;2;0
"part5_0";"definition2";0;0;0;2;0
"part5_05";"straight_lines_on_various_surfaces";0;1;0;2;0
"part5_05";"planar_geometry";0;1;0;2;0
"part5_05";"reasoning_about_straight_lines";0;1;0;2;0
"part5_05";"introspection1";0;1;0;2;0
"part5_05";"introspection2";0;1;0;2;0
"part5_05";"definition3";0;1;0;2;0
"part5_05";"straight_lines_on_spheres2";0;1;0;2;0
"part5_05";"straight_lines_on_spheres1";0;1;0;2;0
"part5_05";"definition2";0;1;0;2;0
"part5_35";"lesson2";0;1;3;5;712
"part5_35";"lesson3";0;1;3;5;712
"part5_35";"straight_lines_on_spheres1";0;1;3;5;712
"part5_35";"straight_lines_on_spheres2";0;1;3;5;712
"part5_35";"lesson5";0;1;3;5;712
"part5_35";"planar_geometry";0;1;3;5;712
"part5_35";"introspection1";0;1;3;5;712
"part5_35";"lessons";0;1;3;5;712
"part5_35";"straight_lines_on_various_surfaces";0;1;3;5;712
"part5_35";"introspection2";0;1;3;5;712
"part5_35";"lesson4";0;1;3;5;712
"part5_35";"definition3";0;1;3;5;712
"part5_35";"definition2";0;1;3;5;712
"part5_35";"reasoning_about_straight_lines";0;1;3;5;712
"part5_35";"lesson1";0;1;3;5;712
"part6";"lesson7";0;1;7;7;3456712
"part6";"straight_lines_on_spheres2";0;1;7;7;3456712
"part6";"lesson3";1;1;7;7;3456712
"part6";"reasoning_about_straight_lines";0;1;7;7;3456712
"part6";"introspection1";0;1;7;7;3456712
"part6";"planar_geometry";0;1;7;7;3456712
"part6";"introspection2";0;1;7;7;3456712
"part6";"definition3";0;1;7;7;3456712
"part6";"lesson2";0;1;7;7;3456712
"part6";"lesson6";0;1;7;7;3456712
"part6";"definition2";0;1;7;7;3456712
"part6";"lesson1";0;1;7;7;3456712
"part6";"straight_lines_on_various_surfaces";0;1;7;7;3456712
"part6";"lesson4";0;1;7;7;3456712
"part6";"lessons";1;1;7;7;3456712
"part6";"lesson5";0;1;7;7;3456712
"part6";"straight_lines_on_spheres1";0;1;7;7;3456712
"part6_0";"introspection2";0;0;0;2;0
"part6_0";"definition2";0;0;0;2;0
"part6_0";"straight_lines_on_spheres1";0;0;0;2;0
"part6_0";"straight_lines_on_spheres2";0;0;0;2;0
"part6_0";"straight_lines_on_various_surfaces";0;0;0;2;0
"part6_0";"definition3";0;0;0;2;0
"part6_0";"introspection1";0;0;0;2;0
"part6_0";"planar_geometry";0;0;0;2;0
"part6_0";"reasoning_about_straight_lines";0;0;0;2;0
"part6_05";"definition3";0;1;0;6;0
"part6_05";"introspection2";0;1;0;6;0
"part6_05";"reasoning_about_straight_lines";0;1;0;6;0
"part6_05";"straight_lines_on_various_surfaces";1;1;0;6;0
"part6_05";"planar_geometry";0;1;0;6;0
"part6_05";"definition2";0;1;0;6;0
"part6_05";"straight_lines_on_spheres2";0;1;0;6;0
"part6_05";"straight_lines_on_spheres1";0;1;0;6;0
"part6_05";"introspection1";0;1;0;6;0
"part6_35";"straight_lines_on_spheres2";0;0;5;5;45671
"part6_35";"straight_lines_on_spheres1";0;0;5;5;45671
"part6_35";"lessons";1;0;5;5;45671
"part6_35";"lesson5";0;0;5;5;45671
"part6_35";"planar_geometry";0;0;5;5;45671
"part6_35";"introspection1";0;0;5;5;45671
"part6_35";"definition3";0;0;5;5;45671
"part6_35";"lesson2";1;0;5;5;45671
"part6_35";"introspection2";0;0;5;5;45671
"part6_35";"lesson4";0;0;5;5;45671
"part6_35";"reasoning_about_straight_lines";0;0;5;5;45671
"part6_35";"straight_lines_on_various_surfaces";0;0;5;5;45671
"part6_35";"definition2";0;0;5;5;45671
"part6_35";"lesson3";1;0;5;5;45671
"part6_35";"lesson1";1;0;5;5;45671
"part7";"lesson7";0;1;1;7;4
"part7";"definition2";0;1;1;7;4
"part7";"introspection2";0;1;1;7;4
"part7";"straight_lines_on_various_surfaces";0;1;1;7;4
"part7";"straight_lines_on_spheres2";0;1;1;7;4
"part7";"lesson5";0;1;1;7;4
"part7";"reasoning_about_straight_lines";0;1;1;7;4
"part7";"lesson1";0;1;1;7;4
"part7";"introspection1";0;1;1;7;4
"part7";"lessons";0;1;1;7;4
"part7";"lesson6";0;1;1;7;4
"part7";"straight_lines_on_spheres1";0;1;1;7;4
"part7";"lesson2";0;1;1;7;4
"part7";"definition3";0;1;1;7;4
"part7";"planar_geometry";0;1;1;7;4
"part7";"lesson3";0;1;1;7;4
"part7";"lesson4";0;1;1;7;4
"part7_0";"definition2";0;1;0;2;0
"part7_0";"introspection2";0;1;0;2;0
"part7_0";"straight_lines_on_spheres2";0;1;0;2;0
"part7_0";"straight_lines_on_spheres1";0;1;0;2;0
"part7_0";"reasoning_about_straight_lines";0;1;0;2;0
"part7_0";"definition3";0;1;0;2;0
"part7_0";"straight_lines_on_various_surfaces";0;1;0;2;0
"part7_0";"planar_geometry";0;1;0;2;0
"part7_0";"introspection1";0;1;0;2;0
"part7_05";"straight_lines_on_various_surfaces";0;1;0;4;0
"part7_05";"planar_geometry";0;1;0;4;0
"part7_05";"definition3";0;1;0;4;0
"part7_05";"reasoning_about_straight_lines";0;1;0;4;0
"part7_05";"straight_lines_on_spheres1";0;1;0;4;0
"part7_05";"introspection2";0;1;0;4;0
"part7_05";"definition2";0;1;0;4;0
"part7_05";"straight_lines_on_spheres2";0;1;0;4;0
"part7_05";"introspection1";0;1;0;4;0
"part7_35";"lesson4";0;1;3;6;345
"part7_35";"lesson5";0;1;3;6;345
"part7_35";"straight_lines_on_spheres1";0;1;3;6;345
"part7_35";"lesson3";0;1;3;6;345
"part7_35";"definition3";0;1;3;6;345
"part7_35";"planar_geometry";0;1;3;6;345
"part7_35";"lesson2";1;1;3;6;345
"part7_35";"straight_lines_on_spheres2";0;1;3;6;345
"part7_35";"reasoning_about_straight_lines";0;1;3;6;345
"part7_35";"straight_lines_on_various_surfaces";0;1;3;6;345
"part7_35";"lessons";1;1;3;6;345
"part7_35";"lesson1";1;1;3;6;345
"part7_35";"introspection2";0;1;3;6;345
"part7_35";"definition2";0;1;3;6;345
"part7_35";"introspection1";0;1;3;6;345
"part8";"introspection1";0;1;7;7;4567123
"part8";"introspection2";0;1;7;7;4567123
"part8";"reasoning_about_straight_lines";0;1;7;7;4567123
"part8";"lesson7";0;1;7;7;4567123
"part8";"definition2";0;1;7;7;4567123
"part8";"lesson3";0;1;7;7;4567123
"part8";"straight_lines_on_various_surfaces";0;1;7;7;4567123
"part8";"lesson2";0;1;7;7;4567123
"part8";"lessons";1;1;7;7;4567123
"part8";"lesson1";1;1;7;7;4567123
"part8";"lesson6";0;1;7;7;4567123
"part8";"straight_lines_on_spheres2";0;1;7;7;4567123
"part8";"lesson5";0;1;7;7;4567123
"part8";"straight_lines_on_spheres1";0;1;7;7;4567123
"part8";"lesson4";1;1;7;7;4567123
"part8";"definition3";0;1;7;7;4567123
"part8";"planar_geometry";0;1;7;7;4567123
"part8_0";"definition2";0;1;0;5;0
"part8_0";"introspection2";0;1;0;5;0
"part8_0";"straight_lines_on_spheres2";0;1;0;5;0
"part8_0";"straight_lines_on_spheres1";0;1;0;5;0
"part8_0";"reasoning_about_straight_lines";0;1;0;5;0
"part8_0";"definition3";1;1;0;5;0
"part8_0";"straight_lines_on_various_surfaces";0;1;0;5;0
"part8_0";"planar_geometry";0;1;0;5;0
"part8_0";"introspection1";0;1;0;5;0
"part8_05";"reasoning_about_straight_lines";0;1;0;5;0
"part8_05";"straight_lines_on_various_surfaces";0;1;0;5;0
"part8_05";"introspection2";0;1;0;5;0
"part8_05";"introspection1";0;1;0;5;0
"part8_05";"straight_lines_on_spheres2";0;1;0;5;0
"part8_05";"straight_lines_on_spheres1";0;1;0;5;0
"part8_05";"definition3";0;1;0;5;0
"part8_05";"planar_geometry";0;1;0;5;0
"part8_05";"definition2";0;1;0;5;0
"part8_35";"lesson2";0;1;5;7;23456
"part8_35";"lesson1";0;1;5;7;23456
"part8_35";"introspection2";0;1;5;7;23456
"part8_35";"definition3";0;1;5;7;23456
"part8_35";"definition2";0;1;5;7;23456
"part8_35";"straight_lines_on_spheres2";0;1;5;7;23456
"part8_35";"lesson5";0;1;5;7;23456
"part8_35";"straight_lines_on_spheres1";0;1;5;7;23456
"part8_35";"straight_lines_on_various_surfaces";0;1;5;7;23456
"part8_35";"lessons";0;1;5;7;23456
"part8_35";"introspection1";0;1;5;7;23456
"part8_35";"planar_geometry";0;1;5;7;23456
"part8_35";"reasoning_about_straight_lines";0;1;5;7;23456
"part8_35";"lesson4";0;1;5;7;23456
"part8_35";"lesson3";0;1;5;7;23456
"part9";"lesson7";0;1;1;2;5
"part9";"lesson1";0;1;1;2;5
"part9";"reasoning_about_straight_lines";0;1;1;2;5
"part9";"lesson4";0;1;1;2;5
"part9";"lesson2";0;1;1;2;5
"part9";"definition2";0;1;1;2;5
"part9";"definition3";0;1;1;2;5
"part9";"straight_lines_on_spheres1";0;1;1;2;5
"part9";"straight_lines_on_various_surfaces";0;1;1;2;5
"part9";"lessons";0;1;1;2;5
"part9";"introspection2";0;1;1;2;5
"part9";"introspection1";0;1;1;2;5
"part9";"lesson3";0;1;1;2;5
"part9";"straight_lines_on_spheres2";1;1;1;2;5
"part9";"lesson5";0;1;1;2;5
"part9";"lesson6";0;1;1;2;5
"part9";"planar_geometry";0;1;1;2;5
"part9_0";"straight_lines_on_spheres1";0;0;0;2;0
"part9_0";"definition3";0;0;0;2;0
"part9_0";"straight_lines_on_spheres2";0;0;0;2;0
"part9_0";"planar_geometry";0;0;0;2;0
"part9_0";"reasoning_about_straight_lines";0;0;0;2;0
"part9_0";"definition2";0;0;0;2;0
"part9_0";"introspection1";0;0;0;2;0
"part9_0";"straight_lines_on_various_surfaces";0;0;0;2;0
"part9_0";"introspection2";0;0;0;2;0
"part9_05";"definition2";0;1;0;2;0
"part9_05";"reasoning_about_straight_lines";0;1;0;2;0
"part9_05";"definition3";0;1;0;2;0
"part9_05";"planar_geometry";0;1;0;2;0
"part9_05";"straight_lines_on_spheres2";0;1;0;2;0
"part9_05";"straight_lines_on_various_surfaces";1;1;0;2;0
"part9_05";"introspection2";0;1;0;2;0
"part9_05";"introspection1";0;1;0;2;0
"part9_05";"straight_lines_on_spheres1";0;1;0;2;0
"part9_35";"lesson2";0;1;3;4;671
"part9_35";"introspection2";0;1;3;4;671
"part9_35";"straight_lines_on_spheres2";0;1;3;4;671
"part9_35";"definition3";0;1;3;4;671
"part9_35";"introspection1";0;1;3;4;671
"part9_35";"straight_lines_on_spheres1";0;1;3;4;671
"part9_35";"lesson4";0;1;3;4;671
"part9_35";"straight_lines_on_various_surfaces";0;1;3;4;671
"part9_35";"lesson1";0;1;3;4;671
"part9_35";"planar_geometry";0;1;3;4;671
"part9_35";"lesson3";0;1;3;4;671
"part9_35";"reasoning_about_straight_lines";0;1;3;4;671
"part9_35";"lessons";0;1;3;4;671
"part9_35";"definition2";0;1;3;4;671
"part9_35";"lesson5";0;1;3;4;671
