"participant";"position";"response";"included";"number_lessons";"math_edu";"Argument"
"part1";"reasoning_about_straight_lines";0;0;1;4;1
"part1";"Pos6";0;0;1;4;1
"part1";"Pos5";0;0;1;4;1
"part1";"Pos7";0;0;1;4;1
"part1";"definition2";0;0;1;4;1
"part1";"Pos2";0;0;1;4;1
"part1";"Lessons";1;0;1;4;1
"part1";"Insight";1;0;1;4;1
"part1";"introspection1";0;0;1;4;1
"part1";"Pos3";0;0;1;4;1
"part1";"straight_lines_on_various_surfaces";0;0;1;4;1
"part1";"straight_lines_on_spheres2";0;0;1;4;1
"part1";"introspection2";0;0;1;4;1
"part1";"Pos1";1;0;1;4;1
"part1";"planar_geometry";0;0;1;4;1
"part1";"straight_lines_on_spheres1";0;0;1;4;1
"part1";"definition3";0;0;1;4;1
"part1";"Pos4";0;0;1;4;1
"part1_0";"planar_geometry";0;1;0;6;0
"part1_0";"straight_lines_on_spheres2";0;1;0;6;0
"part1_0";"introspection2";0;1;0;6;0
"part1_0";"definition3";0;1;0;6;0
"part1_0";"introspection1";0;1;0;6;0
"part1_0";"reasoning_about_straight_lines";0;1;0;6;0
"part1_0";"definition2";0;1;0;6;0
"part1_0";"straight_lines_on_various_surfaces";0;1;0;6;0
"part1_0";"straight_lines_on_spheres1";0;1;0;6;0
"part1_05";"planar_geometry";0;1;0;4;0
"part1_05";"introspection2";0;1;0;4;0
"part1_05";"introspection1";0;1;0;4;0
"part1_05";"definition3";0;1;0;4;0
"part1_05";"definition2";0;1;0;4;0
"part1_05";"reasoning_about_straight_lines";0;1;0;4;0
"part1_05";"straight_lines_on_spheres2";0;1;0;4;0
"part1_05";"straight_lines_on_spheres1";0;1;0;4;0
"part1_05";"straight_lines_on_various_surfaces";0;1;0;4;0
"part1_35";"planar_geometry";0;1;3;5;123
"part1_35";"introspection1";0;1;3;5;123
"part1_35";"straight_lines_on_spheres2";0;1;3;5;123
"part1_35";"Pos1";0;1;3;5;123
"part1_35";"definition3";0;1;3;5;123
"part1_35";"Pos4";0;1;3;5;123
"part1_35";"Pos5";0;1;3;5;123
"part1_35";"Pos2";0;1;3;5;123
"part1_35";"reasoning_about_straight_lines";0;1;3;5;123
"part1_35";"Pos3";0;1;3;5;123
"part1_35";"Lessons";0;1;3;5;123
"part1_35";"introspection2";0;1;3;5;123
"part1_35";"straight_lines_on_various_surfaces";0;1;3;5;123
"part1_35";"straight_lines_on_spheres1";0;1;3;5;123
"part1_35";"definition2";0;1;3;5;123
"part10";"Insight";0;1;7;2;5671234
"part10";"introspection2";0;1;7;2;5671234
"part10";"definition3";0;1;7;2;5671234
"part10";"straight_lines_on_various_surfaces";0;1;7;2;5671234
"part10";"Pos7";0;1;7;2;5671234
"part10";"introspection1";0;1;7;2;5671234
"part10";"Pos6";0;1;7;2;5671234
"part10";"reasoning_about_straight_lines";0;1;7;2;5671234
"part10";"Pos5";0;1;7;2;5671234
"part10";"planar_geometry";0;1;7;2;5671234
"part10";"definition2";0;1;7;2;5671234
"part10";"Pos1";0;1;7;2;5671234
"part10";"straight_lines_on_spheres2";0;1;7;2;5671234
"part10";"Lessons";0;1;7;2;5671234
"part10";"Pos3";0;1;7;2;5671234
"part10";"straight_lines_on_spheres1";0;1;7;2;5671234
"part10";"Pos2";0;1;7;2;5671234
"part10";"Pos4";0;1;7;2;5671234
"part10_0";"introspection1";0;1;0;8;0
"part10_0";"straight_lines_on_spheres2";0;1;0;8;0
"part10_0";"introspection2";0;1;0;8;0
"part10_0";"definition2";0;1;0;8;0
"part10_0";"straight_lines_on_spheres1";0;1;0;8;0
"part10_0";"definition3";0;1;0;8;0
"part10_0";"straight_lines_on_various_surfaces";0;1;0;8;0
"part10_0";"planar_geometry";0;1;0;8;0
"part10_0";"reasoning_about_straight_lines";0;1;0;8;0
"part10_05";"introspection2";0;1;0;4;0
"part10_05";"reasoning_about_straight_lines";0;1;0;4;0
"part10_05";"straight_lines_on_various_surfaces";0;1;0;4;0
"part10_05";"definition3";0;1;0;4;0
"part10_05";"introspection1";0;1;0;4;0
"part10_05";"straight_lines_on_spheres2";0;1;0;4;0
"part10_05";"straight_lines_on_spheres1";0;1;0;4;0
"part10_05";"definition2";0;1;0;4;0
"part10_05";"planar_geometry";1;1;0;4;0
"part10_35";"introspection2";0;1;5;2;71234
"part10_35";"straight_lines_on_spheres1";0;1;5;2;71234
"part10_35";"Pos2";1;1;5;2;71234
"part10_35";"planar_geometry";0;1;5;2;71234
"part10_35";"Pos3";0;1;5;2;71234
"part10_35";"Pos4";0;1;5;2;71234
"part10_35";"definition3";0;1;5;2;71234
"part10_35";"Pos1";0;1;5;2;71234
"part10_35";"straight_lines_on_various_surfaces";0;1;5;2;71234
"part10_35";"definition2";0;1;5;2;71234
"part10_35";"straight_lines_on_spheres2";0;1;5;2;71234
"part10_35";"reasoning_about_straight_lines";0;1;5;2;71234
"part10_35";"Lessons";1;1;5;2;71234
"part10_35";"Pos5";0;1;5;2;71234
"part10_35";"introspection1";0;1;5;2;71234
"part11";"definition3";0;0;1;2;6
"part11";"Pos7";0;0;1;2;6
"part11";"Insight";1;0;1;2;6
"part11";"Pos6";0;0;1;2;6
"part11";"straight_lines_on_various_surfaces";0;0;1;2;6
"part11";"Pos5";0;0;1;2;6
"part11";"planar_geometry";0;0;1;2;6
"part11";"introspection1";0;0;1;2;6
"part11";"Pos1";1;0;1;2;6
"part11";"reasoning_about_straight_lines";0;0;1;2;6
"part11";"Lessons";1;0;1;2;6
"part11";"introspection2";0;0;1;2;6
"part11";"definition2";0;0;1;2;6
"part11";"straight_lines_on_spheres1";0;0;1;2;6
"part11";"straight_lines_on_spheres2";0;0;1;2;6
"part11";"Pos4";0;0;1;2;6
"part11";"Pos3";0;0;1;2;6
"part11";"Pos2";0;0;1;2;6
"part11_0";"introspection2";0;1;0;5;0
"part11_0";"definition3";0;1;0;5;0
"part11_0";"straight_lines_on_spheres2";0;1;0;5;0
"part11_0";"planar_geometry";0;1;0;5;0
"part11_0";"straight_lines_on_spheres1";0;1;0;5;0
"part11_0";"reasoning_about_straight_lines";0;1;0;5;0
"part11_0";"straight_lines_on_various_surfaces";0;1;0;5;0
"part11_0";"introspection1";0;1;0;5;0
"part11_0";"definition2";0;1;0;5;0
"part11_05";"definition3";0;1;0;7;0
"part11_05";"reasoning_about_straight_lines";0;1;0;7;0
"part11_05";"straight_lines_on_various_surfaces";0;1;0;7;0
"part11_05";"introspection2";0;1;0;7;0
"part11_05";"definition2";0;1;0;7;0
"part11_05";"introspection1";0;1;0;7;0
"part11_05";"straight_lines_on_spheres2";1;1;0;7;0
"part11_05";"straight_lines_on_spheres1";0;1;0;7;0
"part11_05";"planar_geometry";0;1;0;7;0
"part11_35";"Pos2";0;1;3;4;234
"part11_35";"introspection2";0;1;3;4;234
"part11_35";"straight_lines_on_spheres1";0;1;3;4;234
"part11_35";"Pos4";0;1;3;4;234
"part11_35";"definition2";0;1;3;4;234
"part11_35";"definition3";0;1;3;4;234
"part11_35";"planar_geometry";0;1;3;4;234
"part11_35";"Pos3";0;1;3;4;234
"part11_35";"straight_lines_on_spheres2";0;1;3;4;234
"part11_35";"Pos1";0;1;3;4;234
"part11_35";"straight_lines_on_various_surfaces";0;1;3;4;234
"part11_35";"reasoning_about_straight_lines";0;1;3;4;234
"part11_35";"Lessons";0;1;3;4;234
"part11_35";"Pos5";0;1;3;4;234
"part11_35";"introspection1";0;1;3;4;234
"part12";"reasoning_about_straight_lines";0;1;7;2;6712345
"part12";"Pos7";0;1;7;2;6712345
"part12";"Pos2";0;1;7;2;6712345
"part12";"introspection1";0;1;7;2;6712345
"part12";"Pos5";0;1;7;2;6712345
"part12";"Pos4";0;1;7;2;6712345
"part12";"straight_lines_on_spheres2";0;1;7;2;6712345
"part12";"definition2";0;1;7;2;6712345
"part12";"definition3";0;1;7;2;6712345
"part12";"Insight";1;1;7;2;6712345
"part12";"Pos1";0;1;7;2;6712345
"part12";"straight_lines_on_various_surfaces";0;1;7;2;6712345
"part12";"Lessons";1;1;7;2;6712345
"part12";"introspection2";0;1;7;2;6712345
"part12";"straight_lines_on_spheres1";0;1;7;2;6712345
"part12";"Pos6";0;1;7;2;6712345
"part12";"planar_geometry";0;1;7;2;6712345
"part12";"Pos3";1;1;7;2;6712345
"part12_0";"introspection2";0;1;0;3;0
"part12_0";"definition3";0;1;0;3;0
"part12_0";"straight_lines_on_spheres2";0;1;0;3;0
"part12_0";"planar_geometry";0;1;0;3;0
"part12_0";"straight_lines_on_spheres1";0;1;0;3;0
"part12_0";"reasoning_about_straight_lines";0;1;0;3;0
"part12_0";"straight_lines_on_various_surfaces";0;1;0;3;0
"part12_0";"introspection1";0;1;0;3;0
"part12_0";"definition2";0;1;0;3;0
"part12_05";"definition3";0;1;0;3;0
"part12_05";"definition2";0;1;0;3;0
"part12_05";"reasoning_about_straight_lines";1;1;0;3;0
"part12_05";"straight_lines_on_various_surfaces";0;1;0;3;0
"part12_05";"introspection2";0;1;0;3;0
"part12_05";"planar_geometry";0;1;0;3;0
"part12_05";"straight_lines_on_spheres2";0;1;0;3;0
"part12_05";"straight_lines_on_spheres1";0;1;0;3;0
"part12_05";"introspection1";0;1;0;3;0
"part12_35";"straight_lines_on_spheres1";0;1;5;2;56712
"part12_35";"planar_geometry";0;1;5;2;56712
"part12_35";"definition3";0;1;5;2;56712
"part12_35";"Pos4";1;1;5;2;56712
"part12_35";"straight_lines_on_spheres2";0;1;5;2;56712
"part12_35";"Pos1";0;1;5;2;56712
"part12_35";"Pos3";0;1;5;2;56712
"part12_35";"Pos2";0;1;5;2;56712
"part12_35";"reasoning_about_straight_lines";0;1;5;2;56712
"part12_35";"Lessons";1;1;5;2;56712
"part12_35";"straight_lines_on_various_surfaces";0;1;5;2;56712
"part12_35";"introspection2";0;1;5;2;56712
"part12_35";"introspection1";0;1;5;2;56712
"part12_35";"Pos5";0;1;5;2;56712
"part12_35";"definition2";0;1;5;2;56712
"part13";"Pos7";0;1;1;5;7
"part13";"introspection1";0;1;1;5;7
"part13";"straight_lines_on_various_surfaces";0;1;1;5;7
"part13";"straight_lines_on_spheres2";0;1;1;5;7
"part13";"Pos6";0;1;1;5;7
"part13";"reasoning_about_straight_lines";0;1;1;5;7
"part13";"Pos5";0;1;1;5;7
"part13";"introspection2";0;1;1;5;7
"part13";"definition2";0;1;1;5;7
"part13";"definition3";0;1;1;5;7
"part13";"Pos3";0;1;1;5;7
"part13";"planar_geometry";0;1;1;5;7
"part13";"Insight";0;1;1;5;7
"part13";"Lessons";0;1;1;5;7
"part13";"Pos1";0;1;1;5;7
"part13";"Pos2";0;1;1;5;7
"part13";"Pos4";0;1;1;5;7
"part13";"straight_lines_on_spheres1";0;1;1;5;7
"part13_0";"straight_lines_on_spheres1";0;1;0;7;0
"part13_0";"definition3";0;1;0;7;0
"part13_0";"introspection2";0;1;0;7;0
"part13_0";"planar_geometry";0;1;0;7;0
"part13_0";"straight_lines_on_spheres2";1;1;0;7;0
"part13_0";"straight_lines_on_various_surfaces";0;1;0;7;0
"part13_0";"reasoning_about_straight_lines";1;1;0;7;0
"part13_0";"definition2";0;1;0;7;0
"part13_0";"introspection1";0;1;0;7;0
"part13_05";"reasoning_about_straight_lines";0;0;0;2;0
"part13_05";"introspection2";0;0;0;2;0
"part13_05";"introspection1";0;0;0;2;0
"part13_05";"straight_lines_on_spheres2";0;0;0;2;0
"part13_05";"straight_lines_on_various_surfaces";0;0;0;2;0
"part13_05";"definition3";0;0;0;2;0
"part13_05";"planar_geometry";0;0;0;2;0
"part13_05";"straight_lines_on_spheres1";0;0;0;2;0
"part13_05";"definition2";0;0;0;2;0
"part13_35";"Pos2";0;1;3;2;567
"part13_35";"Pos4";0;1;3;2;567
"part13_35";"straight_lines_on_spheres1";0;1;3;2;567
"part13_35";"straight_lines_on_spheres2";0;1;3;2;567
"part13_35";"straight_lines_on_various_surfaces";0;1;3;2;567
"part13_35";"Pos3";0;1;3;2;567
"part13_35";"planar_geometry";1;1;3;2;567
"part13_35";"Lessons";1;1;3;2;567
"part13_35";"Pos1";1;1;3;2;567
"part13_35";"definition2";0;1;3;2;567
"part13_35";"introspection1";0;1;3;2;567
"part13_35";"definition3";0;1;3;2;567
"part13_35";"Pos5";0;1;3;2;567
"part13_35";"reasoning_about_straight_lines";0;1;3;2;567
"part13_35";"introspection2";0;1;3;2;567
"part14";"Pos7";0;1;7;2;7123456
"part14";"straight_lines_on_spheres1";0;1;7;2;7123456
"part14";"Pos2";0;1;7;2;7123456
"part14";"definition2";0;1;7;2;7123456
"part14";"Insight";1;1;7;2;7123456
"part14";"introspection1";0;1;7;2;7123456
"part14";"Pos4";0;1;7;2;7123456
"part14";"straight_lines_on_various_surfaces";0;1;7;2;7123456
"part14";"Lessons";1;1;7;2;7123456
"part14";"introspection2";0;1;7;2;7123456
"part14";"reasoning_about_straight_lines";0;1;7;2;7123456
"part14";"Pos1";0;1;7;2;7123456
"part14";"straight_lines_on_spheres2";0;1;7;2;7123456
"part14";"Pos5";1;1;7;2;7123456
"part14";"Pos3";1;1;7;2;7123456
"part14";"definition3";0;1;7;2;7123456
"part14";"Pos6";0;1;7;2;7123456
"part14";"planar_geometry";0;1;7;2;7123456
"part14_0";"definition2";0;1;0;5;0
"part14_0";"straight_lines_on_various_surfaces";0;1;0;5;0
"part14_0";"introspection1";0;1;0;5;0
"part14_0";"straight_lines_on_spheres2";0;1;0;5;0
"part14_0";"introspection2";0;1;0;5;0
"part14_0";"reasoning_about_straight_lines";0;1;0;5;0
"part14_0";"definition3";0;1;0;5;0
"part14_0";"planar_geometry";0;1;0;5;0
"part14_0";"straight_lines_on_spheres1";0;1;0;5;0
"part14_05";"definition2";1;1;0;4;0
"part14_05";"definition3";1;1;0;4;0
"part14_05";"planar_geometry";0;1;0;4;0
"part14_05";"reasoning_about_straight_lines";0;1;0;4;0
"part14_05";"straight_lines_on_various_surfaces";1;1;0;4;0
"part14_05";"introspection2";0;1;0;4;0
"part14_05";"introspection1";0;1;0;4;0
"part14_05";"straight_lines_on_spheres2";0;1;0;4;0
"part14_05";"straight_lines_on_spheres1";0;1;0;4;0
"part14_35";"Pos1";1;1;5;5;34567
"part14_35";"straight_lines_on_spheres2";0;1;5;5;34567
"part14_35";"straight_lines_on_various_surfaces";0;1;5;5;34567
"part14_35";"definition2";0;1;5;5;34567
"part14_35";"Lessons";1;1;5;5;34567
"part14_35";"Pos4";0;1;5;5;34567
"part14_35";"definition3";0;1;5;5;34567
"part14_35";"introspection1";0;1;5;5;34567
"part14_35";"Pos5";0;1;5;5;34567
"part14_35";"reasoning_about_straight_lines";0;1;5;5;34567
"part14_35";"straight_lines_on_spheres1";0;1;5;5;34567
"part14_35";"Pos3";1;1;5;5;34567
"part14_35";"introspection2";0;1;5;5;34567
"part14_35";"planar_geometry";0;1;5;5;34567
"part14_35";"Pos2";1;1;5;5;34567
"part15";"Insight";1;1;1;2;1
"part15";"Pos7";0;1;1;2;1
"part15";"introspection2";0;1;1;2;1
"part15";"straight_lines_on_spheres1";0;1;1;2;1
"part15";"Pos2";0;1;1;2;1
"part15";"straight_lines_on_various_surfaces";0;1;1;2;1
"part15";"Lessons";0;1;1;2;1
"part15";"introspection1";0;1;1;2;1
"part15";"reasoning_about_straight_lines";0;1;1;2;1
"part15";"Pos4";0;1;1;2;1
"part15";"straight_lines_on_spheres2";1;1;1;2;1
"part15";"Pos1";0;1;1;2;1
"part15";"Pos3";0;1;1;2;1
"part15";"definition3";0;1;1;2;1
"part15";"Pos6";0;1;1;2;1
"part15";"definition2";0;1;1;2;1
"part15";"Pos5";0;1;1;2;1
"part15";"planar_geometry";0;1;1;2;1
"part15_0";"definition3";0;1;0;2;0
"part15_0";"straight_lines_on_spheres1";0;1;0;2;0
"part15_0";"introspection2";0;1;0;2;0
"part15_0";"reasoning_about_straight_lines";0;1;0;2;0
"part15_0";"straight_lines_on_various_surfaces";0;1;0;2;0
"part15_0";"introspection1";0;1;0;2;0
"part15_0";"planar_geometry";0;1;0;2;0
"part15_0";"straight_lines_on_spheres2";0;1;0;2;0
"part15_0";"definition2";0;1;0;2;0
"part15_05";"introspection2";0;1;0;7;0
"part15_05";"straight_lines_on_various_surfaces";0;1;0;7;0
"part15_05";"definition2";0;1;0;7;0
"part15_05";"introspection1";0;1;0;7;0
"part15_05";"reasoning_about_straight_lines";0;1;0;7;0
"part15_05";"straight_lines_on_spheres1";0;1;0;7;0
"part15_05";"planar_geometry";0;1;0;7;0
"part15_05";"definition3";0;1;0;7;0
"part15_05";"straight_lines_on_spheres2";0;1;0;7;0
"part15_35";"straight_lines_on_various_surfaces";0;1;3;6;765
"part15_35";"definition3";0;1;3;6;765
"part15_35";"straight_lines_on_spheres2";0;1;3;6;765
"part15_35";"planar_geometry";0;1;3;6;765
"part15_35";"reasoning_about_straight_lines";0;1;3;6;765
"part15_35";"introspection1";0;1;3;6;765
"part15_35";"Pos4";0;1;3;6;765
"part15_35";"Pos1";0;1;3;6;765
"part15_35";"Pos2";0;1;3;6;765
"part15_35";"Pos5";0;1;3;6;765
"part15_35";"Lessons";0;1;3;6;765
"part15_35";"definition2";0;1;3;6;765
"part15_35";"Pos3";0;1;3;6;765
"part15_35";"introspection2";0;1;3;6;765
"part15_35";"straight_lines_on_spheres1";0;1;3;6;765
"part16";"definition2";0;1;7;4;7654321
"part16";"reasoning_about_straight_lines";0;1;7;4;7654321
"part16";"Pos7";0;1;7;4;7654321
"part16";"Pos2";1;1;7;4;7654321
"part16";"Pos6";0;1;7;4;7654321
"part16";"straight_lines_on_spheres1";0;1;7;4;7654321
"part16";"Insight";1;1;7;4;7654321
"part16";"straight_lines_on_various_surfaces";0;1;7;4;7654321
"part16";"straight_lines_on_spheres2";0;1;7;4;7654321
"part16";"introspection1";0;1;7;4;7654321
"part16";"definition3";0;1;7;4;7654321
"part16";"Pos4";0;1;7;4;7654321
"part16";"Pos1";0;1;7;4;7654321
"part16";"Pos5";0;1;7;4;7654321
"part16";"Lessons";1;1;7;4;7654321
"part16";"Pos3";0;1;7;4;7654321
"part16";"introspection2";0;1;7;4;7654321
"part16";"planar_geometry";0;1;7;4;7654321
"part16_0";"definition3";0;1;0;3;0
"part16_0";"straight_lines_on_spheres1";0;1;0;3;0
"part16_0";"straight_lines_on_various_surfaces";0;1;0;3;0
"part16_0";"straight_lines_on_spheres2";0;1;0;3;0
"part16_0";"introspection2";0;1;0;3;0
"part16_0";"definition2";0;1;0;3;0
"part16_0";"reasoning_about_straight_lines";0;1;0;3;0
"part16_0";"introspection1";0;1;0;3;0
"part16_0";"planar_geometry";0;1;0;3;0
"part16_05";"introspection2";0;0;0;4;0
"part16_05";"reasoning_about_straight_lines";0;0;0;4;0
"part16_05";"straight_lines_on_various_surfaces";0;0;0;4;0
"part16_05";"definition2";0;0;0;4;0
"part16_05";"definition3";0;0;0;4;0
"part16_05";"straight_lines_on_spheres2";0;0;0;4;0
"part16_05";"straight_lines_on_spheres1";0;0;0;4;0
"part16_05";"introspection1";0;0;0;4;0
"part16_05";"planar_geometry";0;0;0;4;0
"part16_35";"Pos3";1;1;5;2;76543
"part16_35";"planar_geometry";1;1;5;2;76543
"part16_35";"reasoning_about_straight_lines";0;1;5;2;76543
"part16_35";"straight_lines_on_various_surfaces";0;1;5;2;76543
"part16_35";"Pos5";1;1;5;2;76543
"part16_35";"Pos1";1;1;5;2;76543
"part16_35";"definition3";0;1;5;2;76543
"part16_35";"introspection1";0;1;5;2;76543
"part16_35";"introspection2";0;1;5;2;76543
"part16_35";"definition2";1;1;5;2;76543
"part16_35";"Pos2";1;1;5;2;76543
"part16_35";"Lessons";1;1;5;2;76543
"part16_35";"straight_lines_on_spheres1";0;1;5;2;76543
"part16_35";"Pos4";0;1;5;2;76543
"part16_35";"straight_lines_on_spheres2";0;1;5;2;76543
"part17";"reasoning_about_straight_lines";0;1;1;2;2
"part17";"Pos7";0;1;1;2;2
"part17";"Pos6";0;1;1;2;2
"part17";"definition2";0;1;1;2;2
"part17";"Pos5";0;1;1;2;2
"part17";"Insight";0;1;1;2;2
"part17";"straight_lines_on_spheres1";0;1;1;2;2
"part17";"Pos2";0;1;1;2;2
"part17";"straight_lines_on_spheres2";0;1;1;2;2
"part17";"definition3";0;1;1;2;2
"part17";"introspection1";0;1;1;2;2
"part17";"Pos1";0;1;1;2;2
"part17";"straight_lines_on_various_surfaces";0;1;1;2;2
"part17";"Lessons";0;1;1;2;2
"part17";"introspection2";0;1;1;2;2
"part17";"Pos3";0;1;1;2;2
"part17";"Pos4";0;1;1;2;2
"part17";"planar_geometry";0;1;1;2;2
"part17_0";"straight_lines_on_spheres1";0;1;0;2;0
"part17_0";"straight_lines_on_various_surfaces";0;1;0;2;0
"part17_0";"definition3";0;1;0;2;0
"part17_0";"straight_lines_on_spheres2";0;1;0;2;0
"part17_0";"reasoning_about_straight_lines";0;1;0;2;0
"part17_0";"definition2";0;1;0;2;0
"part17_0";"introspection2";0;1;0;2;0
"part17_0";"planar_geometry";0;1;0;2;0
"part17_0";"introspection1";0;1;0;2;0
"part17_05";"definition2";0;1;0;2;0
"part17_05";"reasoning_about_straight_lines";0;1;0;2;0
"part17_05";"straight_lines_on_various_surfaces";1;1;0;2;0
"part17_05";"planar_geometry";0;1;0;2;0
"part17_05";"introspection1";0;1;0;2;0
"part17_05";"introspection2";0;1;0;2;0
"part17_05";"straight_lines_on_spheres1";0;1;0;2;0
"part17_05";"definition3";0;1;0;2;0
"part17_05";"straight_lines_on_spheres2";0;1;0;2;0
"part17_35";"Pos3";0;1;3;2;432
"part17_35";"introspection1";0;1;3;2;432
"part17_35";"reasoning_about_straight_lines";0;1;3;2;432
"part17_35";"introspection2";0;1;3;2;432
"part17_35";"definition2";0;1;3;2;432
"part17_35";"Pos2";0;1;3;2;432
"part17_35";"Lessons";0;1;3;2;432
"part17_35";"Pos4";0;1;3;2;432
"part17_35";"planar_geometry";1;1;3;2;432
"part17_35";"straight_lines_on_various_surfaces";0;1;3;2;432
"part17_35";"Pos5";0;1;3;2;432
"part17_35";"Pos1";0;1;3;2;432
"part17_35";"straight_lines_on_spheres1";0;1;3;2;432
"part17_35";"definition3";0;1;3;2;432
"part17_35";"straight_lines_on_spheres2";0;1;3;2;432
"part18";"introspection2";0;1;7;0;6543217
"part18";"Pos7";0;1;7;0;6543217
"part18";"straight_lines_on_spheres2";0;1;7;0;6543217
"part18";"definition2";0;1;7;0;6543217
"part18";"straight_lines_on_various_surfaces";0;1;7;0;6543217
"part18";"definition3";0;1;7;0;6543217
"part18";"reasoning_about_straight_lines";0;1;7;0;6543217
"part18";"introspection1";0;1;7;0;6543217
"part18";"Insight";1;1;7;0;6543217
"part18";"Pos1";0;1;7;0;6543217
"part18";"straight_lines_on_spheres1";0;1;7;0;6543217
"part18";"Pos6";0;1;7;0;6543217
"part18";"planar_geometry";0;1;7;0;6543217
"part18";"Pos5";0;1;7;0;6543217
"part18";"Pos2";0;1;7;0;6543217
"part18";"Lessons";1;1;7;0;6543217
"part18";"Pos3";1;1;7;0;6543217
"part18";"Pos4";0;1;7;0;6543217
"part18_0";"reasoning_about_straight_lines";0;1;0;4;0
"part18_0";"straight_lines_on_spheres2";0;1;0;4;0
"part18_0";"definition2";0;1;0;4;0
"part18_0";"straight_lines_on_spheres1";0;1;0;4;0
"part18_0";"introspection2";0;1;0;4;0
"part18_0";"planar_geometry";0;1;0;4;0
"part18_0";"introspection1";0;1;0;4;0
"part18_0";"straight_lines_on_various_surfaces";0;1;0;4;0
"part18_0";"definition3";0;1;0;4;0
"part18_05";"straight_lines_on_various_surfaces";0;1;0;2;0
"part18_05";"straight_lines_on_spheres2";0;1;0;2;0
"part18_05";"introspection2";0;1;0;2;0
"part18_05";"definition2";0;1;0;2;0
"part18_05";"introspection1";0;1;0;2;0
"part18_05";"straight_lines_on_spheres1";1;1;0;2;0
"part18_05";"planar_geometry";0;1;0;2;0
"part18_05";"reasoning_about_straight_lines";0;1;0;2;0
"part18_05";"definition3";0;1;0;2;0
"part18_35";"reasoning_about_straight_lines";1;1;5;2;21765
"part18_35";"Lessons";0;1;5;2;21765
"part18_35";"straight_lines_on_spheres2";1;1;5;2;21765
"part18_35";"Pos2";0;1;5;2;21765
"part18_35";"introspection2";0;1;5;2;21765
"part18_35";"Pos5";0;1;5;2;21765
"part18_35";"definition2";1;1;5;2;21765
"part18_35";"straight_lines_on_various_surfaces";1;1;5;2;21765
"part18_35";"introspection1";0;1;5;2;21765
"part18_35";"Pos4";0;1;5;2;21765
"part18_35";"straight_lines_on_spheres1";0;1;5;2;21765
"part18_35";"definition3";1;1;5;2;21765
"part18_35";"Pos3";0;1;5;2;21765
"part18_35";"planar_geometry";0;1;5;2;21765
"part18_35";"Pos1";0;1;5;2;21765
"part19";"reasoning_about_straight_lines";0;0;1;6;3
"part19";"Pos7";0;0;1;6;3
"part19";"introspection1";0;0;1;6;3
"part19";"straight_lines_on_spheres1";0;0;1;6;3
"part19";"straight_lines_on_various_surfaces";0;0;1;6;3
"part19";"Lessons";0;0;1;6;3
"part19";"definition2";0;0;1;6;3
"part19";"Pos3";0;0;1;6;3
"part19";"Insight";1;0;1;6;3
"part19";"Pos2";0;0;1;6;3
"part19";"straight_lines_on_spheres2";0;0;1;6;3
"part19";"introspection2";0;0;1;6;3
"part19";"definition3";0;0;1;6;3
"part19";"Pos6";0;0;1;6;3
"part19";"Pos1";0;0;1;6;3
"part19";"Pos5";0;0;1;6;3
"part19";"Pos4";0;0;1;6;3
"part19";"planar_geometry";1;0;1;6;3
"part19_05";"introspection1";0;0;0;2;0
"part19_05";"straight_lines_on_spheres2";0;0;0;2;0
"part19_05";"straight_lines_on_various_surfaces";0;0;0;2;0
"part19_05";"reasoning_about_straight_lines";0;0;0;2;0
"part19_05";"straight_lines_on_spheres1";0;0;0;2;0
"part19_05";"planar_geometry";0;0;0;2;0
"part19_05";"definition2";0;0;0;2;0
"part19_05";"introspection2";0;0;0;2;0
"part19_05";"definition3";0;0;0;2;0
"part19_35";"definition2";0;1;3;4;176
"part19_35";"definition3";0;1;3;4;176
"part19_35";"Lessons";1;1;3;4;176
"part19_35";"straight_lines_on_spheres2";0;1;3;4;176
"part19_35";"reasoning_about_straight_lines";0;1;3;4;176
"part19_35";"straight_lines_on_spheres1";0;1;3;4;176
"part19_35";"Pos5";0;1;3;4;176
"part19_35";"Pos4";0;1;3;4;176
"part19_35";"planar_geometry";0;1;3;4;176
"part19_35";"introspection1";0;1;3;4;176
"part19_35";"introspection2";0;1;3;4;176
"part19_35";"Pos2";0;1;3;4;176
"part19_35";"Pos1";1;1;3;4;176
"part19_35";"Pos3";0;1;3;4;176
"part19_35";"straight_lines_on_various_surfaces";0;1;3;4;176
"part2";"reasoning_about_straight_lines";1;0;7;7;1234567
"part2";"Insight";1;0;7;7;1234567
"part2";"Pos7";0;0;7;7;1234567
"part2";"introspection2";0;0;7;7;1234567
"part2";"Pos6";0;0;7;7;1234567
"part2";"Pos2";0;0;7;7;1234567
"part2";"Pos5";0;0;7;7;1234567
"part2";"definition3";0;0;7;7;1234567
"part2";"definition2";0;0;7;7;1234567
"part2";"straight_lines_on_various_surfaces";0;0;7;7;1234567
"part2";"straight_lines_on_spheres2";0;0;7;7;1234567
"part2";"Lessons";0;0;7;7;1234567
"part2";"introspection1";0;0;7;7;1234567
"part2";"Pos1";0;0;7;7;1234567
"part2";"Pos4";0;0;7;7;1234567
"part2";"planar_geometry";0;0;7;7;1234567
"part2";"straight_lines_on_spheres1";0;0;7;7;1234567
"part2";"Pos3";0;0;7;7;1234567
"part2_0";"introspection2";0;1;0;2;0
"part2_0";"definition3";0;1;0;2;0
"part2_0";"introspection1";0;1;0;2;0
"part2_0";"definition2";0;1;0;2;0
"part2_0";"straight_lines_on_spheres1";1;1;0;2;0
"part2_0";"straight_lines_on_various_surfaces";1;1;0;2;0
"part2_0";"planar_geometry";0;1;0;2;0
"part2_0";"straight_lines_on_spheres2";0;1;0;2;0
"part2_0";"reasoning_about_straight_lines";0;1;0;2;0
"part2_05";"introspection1";0;0;0;2;0
"part2_05";"planar_geometry";0;0;0;2;0
"part2_05";"introspection2";0;0;0;2;0
"part2_05";"straight_lines_on_spheres2";0;0;0;2;0
"part2_05";"straight_lines_on_spheres1";0;0;0;2;0
"part2_05";"reasoning_about_straight_lines";0;0;0;2;0
"part2_05";"definition2";0;0;0;2;0
"part2_05";"definition3";0;0;0;2;0
"part2_05";"straight_lines_on_various_surfaces";0;0;0;2;0
"part2_35";"introspection1";0;1;5;2;12345
"part2_35";"planar_geometry";0;1;5;2;12345
"part2_35";"Pos2";0;1;5;2;12345
"part2_35";"definition3";0;1;5;2;12345
"part2_35";"Pos3";0;1;5;2;12345
"part2_35";"straight_lines_on_various_surfaces";0;1;5;2;12345
"part2_35";"introspection2";0;1;5;2;12345
"part2_35";"reasoning_about_straight_lines";0;1;5;2;12345
"part2_35";"Pos5";0;1;5;2;12345
"part2_35";"definition2";0;1;5;2;12345
"part2_35";"straight_lines_on_spheres1";0;1;5;2;12345
"part2_35";"Pos1";0;1;5;2;12345
"part2_35";"straight_lines_on_spheres2";0;1;5;2;12345
"part2_35";"Lessons";0;1;5;2;12345
"part2_35";"Pos4";0;1;5;2;12345
"part20";"Pos7";0;1;7;7;5432176
"part20";"reasoning_about_straight_lines";0;1;7;7;5432176
"part20";"definition2";0;1;7;7;5432176
"part20";"Insight";1;1;7;7;5432176
"part20";"straight_lines_on_various_surfaces";0;1;7;7;5432176
"part20";"Pos2";0;1;7;7;5432176
"part20";"Pos5";1;1;7;7;5432176
"part20";"straight_lines_on_spheres1";0;1;7;7;5432176
"part20";"Pos4";0;1;7;7;5432176
"part20";"Lessons";0;1;7;7;5432176
"part20";"introspection1";0;1;7;7;5432176
"part20";"Pos3";0;1;7;7;5432176
"part20";"Pos1";0;1;7;7;5432176
"part20";"Pos6";0;1;7;7;5432176
"part20";"straight_lines_on_spheres2";0;1;7;7;5432176
"part20";"introspection2";0;1;7;7;5432176
"part20";"definition3";0;1;7;7;5432176
"part20";"planar_geometry";0;1;7;7;5432176
"part20_05";"straight_lines_on_spheres2";0;0;0;2;0
"part20_05";"planar_geometry";0;0;0;2;0
"part20_05";"definition2";0;0;0;2;0
"part20_05";"straight_lines_on_spheres1";0;0;0;2;0
"part20_05";"reasoning_about_straight_lines";0;0;0;2;0
"part20_05";"straight_lines_on_various_surfaces";0;0;0;2;0
"part20_05";"introspection1";0;0;0;2;0
"part20_05";"definition3";0;0;0;2;0
"part20_05";"introspection2";0;0;0;2;0
"part20_35";"Lessons";1;1;5;2;43217
"part20_35";"straight_lines_on_spheres1";0;1;5;2;43217
"part20_35";"Pos5";0;1;5;2;43217
"part20_35";"planar_geometry";1;1;5;2;43217
"part20_35";"Pos4";0;1;5;2;43217
"part20_35";"Pos2";0;1;5;2;43217
"part20_35";"straight_lines_on_various_surfaces";0;1;5;2;43217
"part20_35";"introspection2";0;1;5;2;43217
"part20_35";"definition3";0;1;5;2;43217
"part20_35";"straight_lines_on_spheres2";0;1;5;2;43217
"part20_35";"Pos1";1;1;5;2;43217
"part20_35";"Pos3";0;1;5;2;43217
"part20_35";"reasoning_about_straight_lines";0;1;5;2;43217
"part20_35";"introspection1";0;1;5;2;43217
"part20_35";"definition2";0;1;5;2;43217
"part21";"reasoning_about_straight_lines";0;1;1;4;4
"part21";"Insight";0;1;1;4;4
"part21";"straight_lines_on_spheres1";0;1;1;4;4
"part21";"Pos2";0;1;1;4;4
"part21";"Pos5";0;1;1;4;4
"part21";"definition2";0;1;1;4;4
"part21";"introspection1";0;1;1;4;4
"part21";"Pos3";0;1;1;4;4
"part21";"straight_lines_on_various_surfaces";0;1;1;4;4
"part21";"Pos7";0;1;1;4;4
"part21";"introspection2";0;1;1;4;4
"part21";"Pos6";0;1;1;4;4
"part21";"straight_lines_on_spheres2";0;1;1;4;4
"part21";"Lessons";0;1;1;4;4
"part21";"definition3";0;1;1;4;4
"part21";"Pos1";0;1;1;4;4
"part21";"planar_geometry";0;1;1;4;4
"part21";"Pos4";0;1;1;4;4
"part21_05";"straight_lines_on_spheres2";0;0;0;4;0
"part21_05";"reasoning_about_straight_lines";0;0;0;4;0
"part21_05";"straight_lines_on_various_surfaces";0;0;0;4;0
"part21_05";"straight_lines_on_spheres1";0;0;0;4;0
"part21_05";"definition2";0;0;0;4;0
"part21_05";"planar_geometry";0;0;0;4;0
"part21_05";"introspection2";0;0;0;4;0
"part21_05";"introspection1";0;0;0;4;0
"part21_05";"definition3";0;0;0;4;0
"part21_35";"Pos2";0;1;3;2;543
"part21_35";"Pos5";0;1;3;2;543
"part21_35";"Pos4";0;1;3;2;543
"part21_35";"Lessons";0;1;3;2;543
"part21_35";"Pos1";0;1;3;2;543
"part21_35";"introspection2";0;1;3;2;543
"part21_35";"straight_lines_on_spheres1";0;1;3;2;543
"part21_35";"definition2";0;1;3;2;543
"part21_35";"straight_lines_on_spheres2";0;1;3;2;543
"part21_35";"straight_lines_on_various_surfaces";0;1;3;2;543
"part21_35";"Pos3";0;1;3;2;543
"part21_35";"introspection1";0;1;3;2;543
"part21_35";"planar_geometry";0;1;3;2;543
"part21_35";"definition3";0;1;3;2;543
"part21_35";"reasoning_about_straight_lines";0;1;3;2;543
"part22";"Pos7";0;1;7;7;4321765
"part22";"introspection1";0;1;7;7;4321765
"part22";"reasoning_about_straight_lines";1;1;7;7;4321765
"part22";"Insight";1;1;7;7;4321765
"part22";"straight_lines_on_spheres2";0;1;7;7;4321765
"part22";"introspection2";0;1;7;7;4321765
"part22";"Pos5";0;1;7;7;4321765
"part22";"straight_lines_on_various_surfaces";0;1;7;7;4321765
"part22";"Pos3";0;1;7;7;4321765
"part22";"definition2";0;1;7;7;4321765
"part22";"definition3";0;1;7;7;4321765
"part22";"planar_geometry";0;1;7;7;4321765
"part22";"Pos6";0;1;7;7;4321765
"part22";"Pos2";0;1;7;7;4321765
"part22";"Lessons";0;1;7;7;4321765
"part22";"straight_lines_on_spheres1";0;1;7;7;4321765
"part22";"Pos1";0;1;7;7;4321765
"part22";"Pos4";0;1;7;7;4321765
"part22_35";"Pos4";1;1;5;5;65432
"part22_35";"Pos5";1;1;5;5;65432
"part22_35";"introspection2";0;1;5;5;65432
"part22_35";"straight_lines_on_spheres1";1;1;5;5;65432
"part22_35";"Pos1";1;1;5;5;65432
"part22_35";"straight_lines_on_various_surfaces";1;1;5;5;65432
"part22_35";"Pos3";1;1;5;5;65432
"part22_35";"straight_lines_on_spheres2";1;1;5;5;65432
"part22_35";"definition3";1;1;5;5;65432
"part22_35";"planar_geometry";1;1;5;5;65432
"part22_35";"Pos2";1;1;5;5;65432
"part22_35";"introspection1";0;1;5;5;65432
"part22_35";"reasoning_about_straight_lines";1;1;5;5;65432
"part22_35";"Lessons";1;1;5;5;65432
"part22_35";"definition2";1;1;5;5;65432
"part23";"reasoning_about_straight_lines";1;0;1;4;5
"part23";"Pos5";0;0;1;4;5
"part23";"Pos6";0;0;1;4;5
"part23";"Pos2";0;0;1;4;5
"part23";"introspection1";0;0;1;4;5
"part23";"Pos3";0;0;1;4;5
"part23";"straight_lines_on_spheres1";1;0;1;4;5
"part23";"straight_lines_on_various_surfaces";0;0;1;4;5
"part23";"Lessons";1;0;1;4;5
"part23";"introspection2";0;0;1;4;5
"part23";"definition3";0;0;1;4;5
"part23";"Insight";1;0;1;4;5
"part23";"Pos1";1;0;1;4;5
"part23";"straight_lines_on_spheres2";0;0;1;4;5
"part23";"Pos7";0;0;1;4;5
"part23";"planar_geometry";0;0;1;4;5
"part23";"definition2";0;0;1;4;5
"part23";"Pos4";0;0;1;4;5
"part23_35";"Pos4";0;0;3;2;217
"part23_35";"Pos5";0;0;3;2;217
"part23_35";"introspection2";0;0;3;2;217
"part23_35";"straight_lines_on_spheres1";0;0;3;2;217
"part23_35";"Pos3";0;0;3;2;217
"part23_35";"Pos2";1;0;3;2;217
"part23_35";"Pos1";0;0;3;2;217
"part23_35";"straight_lines_on_various_surfaces";1;0;3;2;217
"part23_35";"planar_geometry";0;0;3;2;217
"part23_35";"introspection1";0;0;3;2;217
"part23_35";"straight_lines_on_spheres2";0;0;3;2;217
"part23_35";"definition3";0;0;3;2;217
"part23_35";"definition2";0;0;3;2;217
"part23_35";"reasoning_about_straight_lines";0;0;3;2;217
"part23_35";"Lessons";1;0;3;2;217
"part24";"reasoning_about_straight_lines";1;0;7;3;3217654
"part24";"Pos2";1;0;7;3;3217654
"part24";"straight_lines_on_spheres1";1;0;7;3;3217654
"part24";"straight_lines_on_various_surfaces";1;0;7;3;3217654
"part24";"Pos5";1;0;7;3;3217654
"part24";"introspection1";1;0;7;3;3217654
"part24";"Insight";1;0;7;3;3217654
"part24";"Pos6";0;0;7;3;3217654
"part24";"Pos7";0;0;7;3;3217654
"part24";"introspection2";1;0;7;3;3217654
"part24";"definition2";1;0;7;3;3217654
"part24";"Pos1";1;0;7;3;3217654
"part24";"Lessons";1;0;7;3;3217654
"part24";"definition3";0;0;7;3;3217654
"part24";"Pos3";1;0;7;3;3217654
"part24";"straight_lines_on_spheres2";0;0;7;3;3217654
"part24";"Pos4";0;0;7;3;3217654
"part24";"planar_geometry";1;0;7;3;3217654
"part24_35";"Pos5";0;1;5;3;17654
"part24_35";"Pos2";0;1;5;3;17654
"part24_35";"introspection2";0;1;5;3;17654
"part24_35";"straight_lines_on_spheres1";0;1;5;3;17654
"part24_35";"straight_lines_on_spheres2";0;1;5;3;17654
"part24_35";"definition3";0;1;5;3;17654
"part24_35";"straight_lines_on_various_surfaces";0;1;5;3;17654
"part24_35";"Pos1";1;1;5;3;17654
"part24_35";"introspection1";0;1;5;3;17654
"part24_35";"reasoning_about_straight_lines";0;1;5;3;17654
"part24_35";"Pos4";0;1;5;3;17654
"part24_35";"planar_geometry";0;1;5;3;17654
"part24_35";"Pos3";0;1;5;3;17654
"part24_35";"Lessons";1;1;5;3;17654
"part24_35";"definition2";0;1;5;3;17654
"part25";"reasoning_about_straight_lines";0;1;1;4;6
"part25";"Pos7";0;1;1;4;6
"part25";"Pos2";0;1;1;4;6
"part25";"introspection1";0;1;1;4;6
"part25";"Insight";1;1;1;4;6
"part25";"straight_lines_on_various_surfaces";1;1;1;4;6
"part25";"definition2";0;1;1;4;6
"part25";"Pos1";0;1;1;4;6
"part25";"straight_lines_on_spheres1";0;1;1;4;6
"part25";"Pos4";0;1;1;4;6
"part25";"Pos5";0;1;1;4;6
"part25";"definition3";0;1;1;4;6
"part25";"Pos3";0;1;1;4;6
"part25";"Pos6";0;1;1;4;6
"part25";"Lessons";0;1;1;4;6
"part25";"introspection2";0;1;1;4;6
"part25";"straight_lines_on_spheres2";0;1;1;4;6
"part25";"planar_geometry";0;1;1;4;6
"part25_35";"straight_lines_on_spheres2";0;0;3;4;654
"part25_35";"introspection1";0;0;3;4;654
"part25_35";"straight_lines_on_spheres1";0;0;3;4;654
"part25_35";"definition3";0;0;3;4;654
"part25_35";"Pos4";0;0;3;4;654
"part25_35";"introspection2";0;0;3;4;654
"part25_35";"Pos1";0;0;3;4;654
"part25_35";"reasoning_about_straight_lines";0;0;3;4;654
"part25_35";"Pos5";0;0;3;4;654
"part25_35";"Pos3";1;0;3;4;654
"part25_35";"Pos2";0;0;3;4;654
"part25_35";"planar_geometry";0;0;3;4;654
"part25_35";"Lessons";1;0;3;4;654
"part25_35";"straight_lines_on_various_surfaces";0;0;3;4;654
"part25_35";"definition2";0;0;3;4;654
"part26";"reasoning_about_straight_lines";0;0;7;5;2176543
"part26";"Pos6";0;0;7;5;2176543
"part26";"Pos1";1;0;7;5;2176543
"part26";"Pos5";0;0;7;5;2176543
"part26";"Insight";1;0;7;5;2176543
"part26";"introspection1";0;0;7;5;2176543
"part26";"definition2";0;0;7;5;2176543
"part26";"Pos2";0;0;7;5;2176543
"part26";"Pos7";0;0;7;5;2176543
"part26";"planar_geometry";0;0;7;5;2176543
"part26";"Pos3";0;0;7;5;2176543
"part26";"straight_lines_on_various_surfaces";0;0;7;5;2176543
"part26";"Lessons";1;0;7;5;2176543
"part26";"straight_lines_on_spheres2";0;0;7;5;2176543
"part26";"introspection2";0;0;7;5;2176543
"part26";"straight_lines_on_spheres1";0;0;7;5;2176543
"part26";"Pos4";0;0;7;5;2176543
"part26";"definition3";0;0;7;5;2176543
"part26_35";"Pos4";0;1;5;2;32176
"part26_35";"Pos2";0;1;5;2;32176
"part26_35";"Lessons";0;1;5;2;32176
"part26_35";"straight_lines_on_various_surfaces";0;1;5;2;32176
"part26_35";"introspection2";0;1;5;2;32176
"part26_35";"Pos1";0;1;5;2;32176
"part26_35";"straight_lines_on_spheres1";0;1;5;2;32176
"part26_35";"Pos3";0;1;5;2;32176
"part26_35";"definition2";0;1;5;2;32176
"part26_35";"definition3";0;1;5;2;32176
"part26_35";"planar_geometry";0;1;5;2;32176
"part26_35";"straight_lines_on_spheres2";0;1;5;2;32176
"part26_35";"reasoning_about_straight_lines";0;1;5;2;32176
"part26_35";"Pos5";0;1;5;2;32176
"part26_35";"introspection1";0;1;5;2;32176
"part27";"Pos7";0;1;1;6;7
"part27";"Insight";1;1;1;6;7
"part27";"introspection2";0;1;1;6;7
"part27";"reasoning_about_straight_lines";0;1;1;6;7
"part27";"definition2";0;1;1;6;7
"part27";"straight_lines_on_spheres1";0;1;1;6;7
"part27";"Pos2";0;1;1;6;7
"part27";"Lessons";1;1;1;6;7
"part27";"introspection1";0;1;1;6;7
"part27";"Pos3";0;1;1;6;7
"part27";"definition3";0;1;1;6;7
"part27";"straight_lines_on_various_surfaces";0;1;1;6;7
"part27";"straight_lines_on_spheres2";0;1;1;6;7
"part27";"Pos1";1;1;1;6;7
"part27";"Pos4";0;1;1;6;7
"part27";"Pos6";0;1;1;6;7
"part27";"Pos5";0;1;1;6;7
"part27";"planar_geometry";0;1;1;6;7
"part27_35";"straight_lines_on_various_surfaces";0;1;3;5;321
"part27_35";"straight_lines_on_spheres2";1;1;3;5;321
"part27_35";"Pos2";0;1;3;5;321
"part27_35";"Pos1";0;1;3;5;321
"part27_35";"straight_lines_on_spheres1";1;1;3;5;321
"part27_35";"introspection1";0;1;3;5;321
"part27_35";"Lessons";0;1;3;5;321
"part27_35";"definition2";0;1;3;5;321
"part27_35";"planar_geometry";0;1;3;5;321
"part27_35";"Pos4";0;1;3;5;321
"part27_35";"definition3";0;1;3;5;321
"part27_35";"Pos5";0;1;3;5;321
"part27_35";"introspection2";0;1;3;5;321
"part27_35";"reasoning_about_straight_lines";0;1;3;5;321
"part27_35";"Pos3";0;1;3;5;321
"part28";"reasoning_about_straight_lines";1;1;7;7;1765432
"part28";"Pos2";0;1;7;7;1765432
"part28";"definition2";0;1;7;7;1765432
"part28";"Lessons";0;1;7;7;1765432
"part28";"Pos7";0;1;7;7;1765432
"part28";"Insight";1;1;7;7;1765432
"part28";"Pos6";0;1;7;7;1765432
"part28";"introspection1";0;1;7;7;1765432
"part28";"planar_geometry";0;1;7;7;1765432
"part28";"straight_lines_on_various_surfaces";1;1;7;7;1765432
"part28";"straight_lines_on_spheres2";0;1;7;7;1765432
"part28";"introspection2";0;1;7;7;1765432
"part28";"definition3";0;1;7;7;1765432
"part28";"straight_lines_on_spheres1";0;1;7;7;1765432
"part28";"Pos3";0;1;7;7;1765432
"part28";"Pos5";0;1;7;7;1765432
"part28";"Pos4";0;1;7;7;1765432
"part28";"Pos1";0;1;7;7;1765432
"part28_35";"straight_lines_on_various_surfaces";1;1;5;2;54321
"part28_35";"straight_lines_on_spheres1";0;1;5;2;54321
"part28_35";"Pos2";0;1;5;2;54321
"part28_35";"planar_geometry";0;1;5;2;54321
"part28_35";"introspection1";0;1;5;2;54321
"part28_35";"Lessons";0;1;5;2;54321
"part28_35";"Pos1";0;1;5;2;54321
"part28_35";"introspection2";0;1;5;2;54321
"part28_35";"Pos4";0;1;5;2;54321
"part28_35";"definition3";0;1;5;2;54321
"part28_35";"Pos5";0;1;5;2;54321
"part28_35";"Pos3";0;1;5;2;54321
"part28_35";"reasoning_about_straight_lines";0;1;5;2;54321
"part28_35";"straight_lines_on_spheres2";0;1;5;2;54321
"part28_35";"definition2";0;1;5;2;54321
"part29";"Insight";1;1;1;4;1
"part29";"introspection1";0;1;1;4;1
"part29";"reasoning_about_straight_lines";0;1;1;4;1
"part29";"Pos7";0;1;1;4;1
"part29";"Lessons";1;1;1;4;1
"part29";"introspection2";0;1;1;4;1
"part29";"straight_lines_on_spheres1";0;1;1;4;1
"part29";"straight_lines_on_various_surfaces";0;1;1;4;1
"part29";"straight_lines_on_spheres2";0;1;1;4;1
"part29";"definition2";0;1;1;4;1
"part29";"Pos3";0;1;1;4;1
"part29";"Pos4";0;1;1;4;1
"part29";"Pos2";0;1;1;4;1
"part29";"planar_geometry";0;1;1;4;1
"part29";"Pos1";1;1;1;4;1
"part29";"definition3";0;1;1;4;1
"part29";"Pos6";0;1;1;4;1
"part29";"Pos5";0;1;1;4;1
"part29_35";"Pos1";0;0;5;2;45671
"part29_35";"Pos2";0;0;5;2;45671
"part29_35";"planar_geometry";0;0;5;2;45671
"part29_35";"reasoning_about_straight_lines";0;0;5;2;45671
"part29_35";"definition2";0;0;5;2;45671
"part29_35";"Pos5";0;0;5;2;45671
"part29_35";"introspection1";0;0;5;2;45671
"part29_35";"Pos4";1;0;5;2;45671
"part29_35";"straight_lines_on_spheres1";0;0;5;2;45671
"part29_35";"introspection2";0;0;5;2;45671
"part29_35";"Pos3";0;0;5;2;45671
"part29_35";"straight_lines_on_various_surfaces";0;0;5;2;45671
"part29_35";"Lessons";1;0;5;2;45671
"part29_35";"straight_lines_on_spheres2";0;0;5;2;45671
"part29_35";"definition3";0;0;5;2;45671
"part3";"straight_lines_on_spheres2";0;0;1;2;2
"part3";"introspection1";0;0;1;2;2
"part3";"Pos7";0;0;1;2;2
"part3";"Pos2";0;0;1;2;2
"part3";"introspection2";0;0;1;2;2
"part3";"Pos1";1;0;1;2;2
"part3";"straight_lines_on_spheres1";0;0;1;2;2
"part3";"straight_lines_on_various_surfaces";0;0;1;2;2
"part3";"planar_geometry";0;0;1;2;2
"part3";"definition2";0;0;1;2;2
"part3";"Pos3";0;0;1;2;2
"part3";"reasoning_about_straight_lines";0;0;1;2;2
"part3";"Pos6";0;0;1;2;2
"part3";"Lessons";1;0;1;2;2
"part3";"Pos5";0;0;1;2;2
"part3";"definition3";0;0;1;2;2
"part3";"Pos4";0;0;1;2;2
"part3";"Insight";1;0;1;2;2
"part3_0";"definition3";0;1;0;6;0
"part3_0";"introspection2";0;1;0;6;0
"part3_0";"straight_lines_on_spheres1";0;1;0;6;0
"part3_0";"definition2";0;1;0;6;0
"part3_0";"introspection1";0;1;0;6;0
"part3_0";"straight_lines_on_various_surfaces";1;1;0;6;0
"part3_0";"straight_lines_on_spheres2";0;1;0;6;0
"part3_0";"reasoning_about_straight_lines";0;1;0;6;0
"part3_0";"planar_geometry";1;1;0;6;0
"part3_05";"planar_geometry";0;1;0;5;0
"part3_05";"introspection1";0;1;0;5;0
"part3_05";"definition2";0;1;0;5;0
"part3_05";"definition3";0;1;0;5;0
"part3_05";"reasoning_about_straight_lines";0;1;0;5;0
"part3_05";"straight_lines_on_spheres1";0;1;0;5;0
"part3_05";"straight_lines_on_spheres2";1;1;0;5;0
"part3_05";"straight_lines_on_various_surfaces";0;1;0;5;0
"part3_05";"introspection2";0;1;0;5;0
"part3_35";"planar_geometry";1;1;3;2;456
"part3_35";"Pos3";0;1;3;2;456
"part3_35";"Pos2";0;1;3;2;456
"part3_35";"Pos1";0;1;3;2;456
"part3_35";"Pos5";0;1;3;2;456
"part3_35";"reasoning_about_straight_lines";0;1;3;2;456
"part3_35";"straight_lines_on_spheres2";0;1;3;2;456
"part3_35";"Pos4";0;1;3;2;456
"part3_35";"straight_lines_on_various_surfaces";0;1;3;2;456
"part3_35";"Lessons";0;1;3;2;456
"part3_35";"introspection2";0;1;3;2;456
"part3_35";"introspection1";0;1;3;2;456
"part3_35";"definition2";0;1;3;2;456
"part3_35";"straight_lines_on_spheres1";0;1;3;2;456
"part3_35";"definition3";0;1;3;2;456
"part30";"introspection1";0;1;7;4;1234567
"part30";"reasoning_about_straight_lines";0;1;7;4;1234567
"part30";"Pos5";0;1;7;4;1234567
"part30";"introspection2";0;1;7;4;1234567
"part30";"straight_lines_on_spheres1";0;1;7;4;1234567
"part30";"straight_lines_on_various_surfaces";0;1;7;4;1234567
"part30";"Lessons";0;1;7;4;1234567
"part30";"definition2";0;1;7;4;1234567
"part30";"definition3";0;1;7;4;1234567
"part30";"Insight";0;1;7;4;1234567
"part30";"Pos1";0;1;7;4;1234567
"part30";"Pos2";0;1;7;4;1234567
"part30";"Pos7";0;1;7;4;1234567
"part30";"Pos6";0;1;7;4;1234567
"part30";"Pos3";0;1;7;4;1234567
"part30";"straight_lines_on_spheres2";0;1;7;4;1234567
"part30";"Pos4";0;1;7;4;1234567
"part30";"planar_geometry";0;1;7;4;1234567
"part30_35";"planar_geometry";0;1;5;2;45671
"part30_35";"reasoning_about_straight_lines";0;1;5;2;45671
"part30_35";"Pos2";0;1;5;2;45671
"part30_35";"Pos4";0;1;5;2;45671
"part30_35";"Lessons";1;1;5;2;45671
"part30_35";"introspection2";0;1;5;2;45671
"part30_35";"Pos1";0;1;5;2;45671
"part30_35";"introspection1";0;1;5;2;45671
"part30_35";"Pos3";0;1;5;2;45671
"part30_35";"straight_lines_on_spheres1";0;1;5;2;45671
"part30_35";"Pos5";1;1;5;2;45671
"part30_35";"straight_lines_on_various_surfaces";0;1;5;2;45671
"part30_35";"definition2";0;1;5;2;45671
"part30_35";"straight_lines_on_spheres2";0;1;5;2;45671
"part30_35";"definition3";0;1;5;2;45671
"part31";"definition2";0;1;1;6;2
"part31";"Pos7";0;1;1;6;2
"part31";"Pos6";0;1;1;6;2
"part31";"introspection1";0;1;1;6;2
"part31";"introspection2";0;1;1;6;2
"part31";"Insight";0;1;1;6;2
"part31";"straight_lines_on_spheres1";0;1;1;6;2
"part31";"Pos2";0;1;1;6;2
"part31";"Lessons";0;1;1;6;2
"part31";"reasoning_about_straight_lines";0;1;1;6;2
"part31";"Pos3";0;1;1;6;2
"part31";"Pos5";0;1;1;6;2
"part31";"definition3";0;1;1;6;2
"part31";"Pos4";0;1;1;6;2
"part31";"straight_lines_on_various_surfaces";0;1;1;6;2
"part31";"Pos1";0;1;1;6;2
"part31";"straight_lines_on_spheres2";0;1;1;6;2
"part31";"planar_geometry";0;1;1;6;2
"part31_35";"introspection1";0;1;3;4;217
"part31_35";"introspection2";0;1;3;4;217
"part31_35";"Pos3";0;1;3;4;217
"part31_35";"straight_lines_on_various_surfaces";0;1;3;4;217
"part31_35";"reasoning_about_straight_lines";0;1;3;4;217
"part31_35";"Pos2";0;1;3;4;217
"part31_35";"Pos5";0;1;3;4;217
"part31_35";"straight_lines_on_spheres1";0;1;3;4;217
"part31_35";"Lessons";0;1;3;4;217
"part31_35";"Pos1";0;1;3;4;217
"part31_35";"straight_lines_on_spheres2";0;1;3;4;217
"part31_35";"planar_geometry";0;1;3;4;217
"part31_35";"definition2";0;1;3;4;217
"part31_35";"definition3";0;1;3;4;217
"part31_35";"Pos4";0;1;3;4;217
"part32";"introspection2";0;0;7;5;5432176
"part32";"definition2";0;0;7;5;5432176
"part32";"reasoning_about_straight_lines";0;0;7;5;5432176
"part32";"Pos7";0;0;7;5;5432176
"part32";"Insight";1;0;7;5;5432176
"part32";"Pos1";0;0;7;5;5432176
"part32";"straight_lines_on_various_surfaces";0;0;7;5;5432176
"part32";"Pos6";0;0;7;5;5432176
"part32";"straight_lines_on_spheres2";0;0;7;5;5432176
"part32";"Pos5";0;0;7;5;5432176
"part32";"Pos2";0;0;7;5;5432176
"part32";"Pos4";1;0;7;5;5432176
"part32";"Lessons";1;0;7;5;5432176
"part32";"Pos3";0;0;7;5;5432176
"part32";"introspection1";0;0;7;5;5432176
"part32";"definition3";0;0;7;5;5432176
"part32";"planar_geometry";0;0;7;5;5432176
"part32";"straight_lines_on_spheres1";0;0;7;5;5432176
"part32_35";"Pos2";0;1;3;4;654
"part32_35";"reasoning_about_straight_lines";0;1;3;4;654
"part32_35";"Pos1";0;1;3;4;654
"part32_35";"Lessons";0;1;3;4;654
"part32_35";"introspection2";0;1;3;4;654
"part32_35";"straight_lines_on_spheres2";0;1;3;4;654
"part32_35";"straight_lines_on_spheres1";0;1;3;4;654
"part32_35";"definition2";1;1;3;4;654
"part32_35";"Pos5";0;1;3;4;654
"part32_35";"introspection1";0;1;3;4;654
"part32_35";"planar_geometry";0;1;3;4;654
"part32_35";"straight_lines_on_various_surfaces";0;1;3;4;654
"part32_35";"Pos3";0;1;3;4;654
"part32_35";"Pos4";0;1;3;4;654
"part32_35";"definition3";0;1;3;4;654
"part33";"introspection2";0;1;1;3;6
"part33";"reasoning_about_straight_lines";0;1;1;3;6
"part33";"Insight";0;1;1;3;6
"part33";"Pos3";0;1;1;3;6
"part33";"introspection1";0;1;1;3;6
"part33";"straight_lines_on_various_surfaces";0;1;1;3;6
"part33";"Pos7";0;1;1;3;6
"part33";"straight_lines_on_spheres2";0;1;1;3;6
"part33";"Pos6";0;1;1;3;6
"part33";"Pos2";0;1;1;3;6
"part33";"Pos5";0;1;1;3;6
"part33";"Lessons";0;1;1;3;6
"part33";"definition2";0;1;1;3;6
"part33";"definition3";0;1;1;3;6
"part33";"Pos4";0;1;1;3;6
"part33";"planar_geometry";0;1;1;3;6
"part33";"Pos1";0;1;1;3;6
"part33";"straight_lines_on_spheres1";0;1;1;3;6
"part34";"Pos7";0;1;7;5;3217654
"part34";"introspection2";0;1;7;5;3217654
"part34";"Pos5";0;1;7;5;3217654
"part34";"Insight";1;1;7;5;3217654
"part34";"straight_lines_on_various_surfaces";0;1;7;5;3217654
"part34";"Pos2";1;1;7;5;3217654
"part34";"definition3";0;1;7;5;3217654
"part34";"reasoning_about_straight_lines";0;1;7;5;3217654
"part34";"straight_lines_on_spheres1";0;1;7;5;3217654
"part34";"Pos6";0;1;7;5;3217654
"part34";"definition2";0;1;7;5;3217654
"part34";"Lessons";1;1;7;5;3217654
"part34";"Pos3";0;1;7;5;3217654
"part34";"planar_geometry";0;1;7;5;3217654
"part34";"straight_lines_on_spheres2";0;1;7;5;3217654
"part34";"Pos4";0;1;7;5;3217654
"part34";"introspection1";0;1;7;5;3217654
"part34";"Pos1";0;1;7;5;3217654
"part35";"Pos6";0;0;1;2;3
"part35";"Pos5";0;0;1;2;3
"part35";"Insight";0;0;1;2;3
"part35";"definition2";0;0;1;2;3
"part35";"reasoning_about_straight_lines";0;0;1;2;3
"part35";"straight_lines_on_spheres2";0;0;1;2;3
"part35";"Pos7";0;0;1;2;3
"part35";"introspection1";0;0;1;2;3
"part35";"Pos1";0;0;1;2;3
"part35";"Pos2";0;0;1;2;3
"part35";"Lessons";0;0;1;2;3
"part35";"introspection2";0;0;1;2;3
"part35";"straight_lines_on_spheres1";0;0;1;2;3
"part35";"straight_lines_on_various_surfaces";0;0;1;2;3
"part35";"Pos4";0;0;1;2;3
"part35";"planar_geometry";0;0;1;2;3
"part35";"Pos3";0;0;1;2;3
"part35";"definition3";0;0;1;2;3
"part36";"introspection2";0;1;7;5;2176543
"part36";"Pos6";0;1;7;5;2176543
"part36";"straight_lines_on_various_surfaces";0;1;7;5;2176543
"part36";"Pos7";0;1;7;5;2176543
"part36";"Lessons";0;1;7;5;2176543
"part36";"definition2";0;1;7;5;2176543
"part36";"Pos1";0;1;7;5;2176543
"part36";"Pos5";0;1;7;5;2176543
"part36";"straight_lines_on_spheres2";0;1;7;5;2176543
"part36";"Insight";0;1;7;5;2176543
"part36";"straight_lines_on_spheres1";0;1;7;5;2176543
"part36";"reasoning_about_straight_lines";0;1;7;5;2176543
"part36";"Pos3";0;1;7;5;2176543
"part36";"planar_geometry";0;1;7;5;2176543
"part36";"introspection1";0;1;7;5;2176543
"part36";"definition3";0;1;7;5;2176543
"part36";"Pos2";0;1;7;5;2176543
"part36";"Pos4";0;1;7;5;2176543
"part37";"reasoning_about_straight_lines";0;1;1;3;5
"part37";"straight_lines_on_spheres1";0;1;1;3;5
"part37";"introspection1";0;1;1;3;5
"part37";"straight_lines_on_various_surfaces";0;1;1;3;5
"part37";"Pos6";0;1;1;3;5
"part37";"definition2";0;1;1;3;5
"part37";"Pos7";0;1;1;3;5
"part37";"Insight";0;1;1;3;5
"part37";"Pos3";0;1;1;3;5
"part37";"Pos2";0;1;1;3;5
"part37";"Lessons";0;1;1;3;5
"part37";"definition3";0;1;1;3;5
"part37";"introspection2";0;1;1;3;5
"part37";"Pos5";0;1;1;3;5
"part37";"straight_lines_on_spheres2";0;1;1;3;5
"part37";"Pos4";0;1;1;3;5
"part37";"planar_geometry";0;1;1;3;5
"part37";"Pos1";0;1;1;3;5
"part38";"reasoning_about_straight_lines";0;1;1;2;3
"part38";"Pos5";0;1;1;2;3
"part38";"Insight";0;1;1;2;3
"part38";"introspection1";0;1;1;2;3
"part38";"Pos6";0;1;1;2;3
"part38";"Pos2";0;1;1;2;3
"part38";"definition2";0;1;1;2;3
"part38";"planar_geometry";0;1;1;2;3
"part38";"straight_lines_on_spheres1";0;1;1;2;3
"part38";"straight_lines_on_various_surfaces";0;1;1;2;3
"part38";"Lessons";0;1;1;2;3
"part38";"Pos7";0;1;1;2;3
"part38";"Pos3";0;1;1;2;3
"part38";"definition3";0;1;1;2;3
"part38";"Pos1";0;1;1;2;3
"part38";"straight_lines_on_spheres2";0;1;1;2;3
"part38";"introspection2";0;1;1;2;3
"part38";"Pos4";0;1;1;2;3
"part4";"Pos7";0;1;7;5;2345671
"part4";"straight_lines_on_spheres2";0;1;7;5;2345671
"part4";"introspection2";0;1;7;5;2345671
"part4";"introspection1";0;1;7;5;2345671
"part4";"straight_lines_on_various_surfaces";0;1;7;5;2345671
"part4";"Pos2";0;1;7;5;2345671
"part4";"definition2";0;1;7;5;2345671
"part4";"Pos1";0;1;7;5;2345671
"part4";"reasoning_about_straight_lines";0;1;7;5;2345671
"part4";"Pos6";0;1;7;5;2345671
"part4";"planar_geometry";0;1;7;5;2345671
"part4";"Pos5";0;1;7;5;2345671
"part4";"Pos3";1;1;7;5;2345671
"part4";"Pos4";0;1;7;5;2345671
"part4";"Lessons";1;1;7;5;2345671
"part4";"Insight";1;1;7;5;2345671
"part4";"straight_lines_on_spheres1";0;1;7;5;2345671
"part4";"definition3";0;1;7;5;2345671
"part4_0";"definition2";0;0;0;1;0
"part4_0";"straight_lines_on_various_surfaces";0;0;0;1;0
"part4_0";"definition3";0;0;0;1;0
"part4_0";"introspection2";0;0;0;1;0
"part4_0";"straight_lines_on_spheres2";0;0;0;1;0
"part4_0";"straight_lines_on_spheres1";0;0;0;1;0
"part4_0";"introspection1";0;0;0;1;0
"part4_0";"reasoning_about_straight_lines";0;0;0;1;0
"part4_0";"planar_geometry";0;0;0;1;0
"part4_05";"planar_geometry";0;0;0;0;0
"part4_05";"straight_lines_on_spheres1";0;0;0;0;0
"part4_05";"definition3";0;0;0;0;0
"part4_05";"reasoning_about_straight_lines";0;0;0;0;0
"part4_05";"introspection2";0;0;0;0;0
"part4_05";"definition2";0;0;0;0;0
"part4_05";"introspection1";0;0;0;0;0
"part4_05";"straight_lines_on_various_surfaces";0;0;0;0;0
"part4_05";"straight_lines_on_spheres2";0;0;0;0;0
"part4_35";"planar_geometry";0;1;5;6;67123
"part4_35";"Pos3";1;1;5;6;67123
"part4_35";"introspection2";0;1;5;6;67123
"part4_35";"Pos1";0;1;5;6;67123
"part4_35";"straight_lines_on_spheres2";0;1;5;6;67123
"part4_35";"Lessons";1;1;5;6;67123
"part4_35";"reasoning_about_straight_lines";0;1;5;6;67123
"part4_35";"introspection1";0;1;5;6;67123
"part4_35";"Pos4";0;1;5;6;67123
"part4_35";"Pos5";1;1;5;6;67123
"part4_35";"Pos2";0;1;5;6;67123
"part4_35";"straight_lines_on_spheres1";0;1;5;6;67123
"part4_35";"definition3";0;1;5;6;67123
"part4_35";"definition2";0;1;5;6;67123
"part4_35";"straight_lines_on_various_surfaces";1;1;5;6;67123
"part5";"definition2";0;1;1;7;3
"part5";"Pos3";0;1;1;7;3
"part5";"Pos7";0;1;1;7;3
"part5";"Pos2";0;1;1;7;3
"part5";"reasoning_about_straight_lines";0;1;1;7;3
"part5";"introspection1";0;1;1;7;3
"part5";"straight_lines_on_various_surfaces";0;1;1;7;3
"part5";"Pos1";0;1;1;7;3
"part5";"Pos5";0;1;1;7;3
"part5";"introspection2";0;1;1;7;3
"part5";"planar_geometry";0;1;1;7;3
"part5";"Insight";0;1;1;7;3
"part5";"straight_lines_on_spheres2";0;1;1;7;3
"part5";"Lessons";0;1;1;7;3
"part5";"definition3";0;1;1;7;3
"part5";"Pos6";0;1;1;7;3
"part5";"straight_lines_on_spheres1";0;1;1;7;3
"part5";"Pos4";0;1;1;7;3
"part5_0";"reasoning_about_straight_lines";1;0;0;2;0
"part5_0";"definition3";0;0;0;2;0
"part5_0";"planar_geometry";0;0;0;2;0
"part5_0";"straight_lines_on_spheres1";0;0;0;2;0
"part5_0";"introspection1";0;0;0;2;0
"part5_0";"straight_lines_on_various_surfaces";1;0;0;2;0
"part5_0";"introspection2";0;0;0;2;0
"part5_0";"straight_lines_on_spheres2";0;0;0;2;0
"part5_0";"definition2";0;0;0;2;0
"part5_05";"straight_lines_on_various_surfaces";0;1;0;2;0
"part5_05";"planar_geometry";0;1;0;2;0
"part5_05";"reasoning_about_straight_lines";0;1;0;2;0
"part5_05";"introspection1";0;1;0;2;0
"part5_05";"introspection2";0;1;0;2;0
"part5_05";"definition3";0;1;0;2;0
"part5_05";"straight_lines_on_spheres2";0;1;0;2;0
"part5_05";"straight_lines_on_spheres1";0;1;0;2;0
"part5_05";"definition2";0;1;0;2;0
"part5_35";"Pos2";0;1;3;5;712
"part5_35";"Pos3";0;1;3;5;712
"part5_35";"straight_lines_on_spheres1";0;1;3;5;712
"part5_35";"straight_lines_on_spheres2";0;1;3;5;712
"part5_35";"Pos5";0;1;3;5;712
"part5_35";"planar_geometry";0;1;3;5;712
"part5_35";"introspection1";0;1;3;5;712
"part5_35";"Lessons";0;1;3;5;712
"part5_35";"straight_lines_on_various_surfaces";0;1;3;5;712
"part5_35";"introspection2";0;1;3;5;712
"part5_35";"Pos4";0;1;3;5;712
"part5_35";"definition3";0;1;3;5;712
"part5_35";"definition2";0;1;3;5;712
"part5_35";"reasoning_about_straight_lines";0;1;3;5;712
"part5_35";"Pos1";0;1;3;5;712
"part6";"Pos7";0;1;7;7;3456712
"part6";"straight_lines_on_spheres2";0;1;7;7;3456712
"part6";"Insight";1;1;7;7;3456712
"part6";"Pos3";1;1;7;7;3456712
"part6";"reasoning_about_straight_lines";0;1;7;7;3456712
"part6";"introspection1";0;1;7;7;3456712
"part6";"planar_geometry";0;1;7;7;3456712
"part6";"introspection2";0;1;7;7;3456712
"part6";"definition3";0;1;7;7;3456712
"part6";"Pos2";0;1;7;7;3456712
"part6";"Pos6";0;1;7;7;3456712
"part6";"definition2";0;1;7;7;3456712
"part6";"Pos1";0;1;7;7;3456712
"part6";"straight_lines_on_various_surfaces";0;1;7;7;3456712
"part6";"Pos4";0;1;7;7;3456712
"part6";"Lessons";1;1;7;7;3456712
"part6";"Pos5";0;1;7;7;3456712
"part6";"straight_lines_on_spheres1";0;1;7;7;3456712
"part6_0";"introspection2";0;0;0;2;0
"part6_0";"definition2";0;0;0;2;0
"part6_0";"straight_lines_on_spheres1";0;0;0;2;0
"part6_0";"straight_lines_on_spheres2";0;0;0;2;0
"part6_0";"straight_lines_on_various_surfaces";0;0;0;2;0
"part6_0";"definition3";0;0;0;2;0
"part6_0";"introspection1";0;0;0;2;0
"part6_0";"planar_geometry";0;0;0;2;0
"part6_0";"reasoning_about_straight_lines";0;0;0;2;0
"part6_05";"definition3";0;1;0;6;0
"part6_05";"introspection2";0;1;0;6;0
"part6_05";"reasoning_about_straight_lines";0;1;0;6;0
"part6_05";"straight_lines_on_various_surfaces";1;1;0;6;0
"part6_05";"planar_geometry";0;1;0;6;0
"part6_05";"definition2";0;1;0;6;0
"part6_05";"straight_lines_on_spheres2";0;1;0;6;0
"part6_05";"straight_lines_on_spheres1";0;1;0;6;0
"part6_05";"introspection1";0;1;0;6;0
"part6_35";"straight_lines_on_spheres2";0;0;5;5;45671
"part6_35";"straight_lines_on_spheres1";0;0;5;5;45671
"part6_35";"Lessons";1;0;5;5;45671
"part6_35";"Pos5";0;0;5;5;45671
"part6_35";"planar_geometry";0;0;5;5;45671
"part6_35";"introspection1";0;0;5;5;45671
"part6_35";"definition3";0;0;5;5;45671
"part6_35";"Pos2";1;0;5;5;45671
"part6_35";"introspection2";0;0;5;5;45671
"part6_35";"Pos4";0;0;5;5;45671
"part6_35";"reasoning_about_straight_lines";0;0;5;5;45671
"part6_35";"straight_lines_on_various_surfaces";0;0;5;5;45671
"part6_35";"definition2";0;0;5;5;45671
"part6_35";"Pos3";1;0;5;5;45671
"part6_35";"Pos1";1;0;5;5;45671
"part7";"Pos7";0;1;1;7;4
"part7";"definition2";0;1;1;7;4
"part7";"introspection2";0;1;1;7;4
"part7";"straight_lines_on_various_surfaces";0;1;1;7;4
"part7";"straight_lines_on_spheres2";0;1;1;7;4
"part7";"Pos5";0;1;1;7;4
"part7";"reasoning_about_straight_lines";0;1;1;7;4
"part7";"Insight";0;1;1;7;4
"part7";"Pos1";0;1;1;7;4
"part7";"introspection1";0;1;1;7;4
"part7";"Lessons";0;1;1;7;4
"part7";"Pos6";0;1;1;7;4
"part7";"straight_lines_on_spheres1";0;1;1;7;4
"part7";"Pos2";0;1;1;7;4
"part7";"definition3";0;1;1;7;4
"part7";"planar_geometry";0;1;1;7;4
"part7";"Pos3";0;1;1;7;4
"part7";"Pos4";0;1;1;7;4
"part7_0";"definition2";0;1;0;2;0
"part7_0";"introspection2";0;1;0;2;0
"part7_0";"straight_lines_on_spheres2";0;1;0;2;0
"part7_0";"straight_lines_on_spheres1";0;1;0;2;0
"part7_0";"reasoning_about_straight_lines";0;1;0;2;0
"part7_0";"definition3";0;1;0;2;0
"part7_0";"straight_lines_on_various_surfaces";0;1;0;2;0
"part7_0";"planar_geometry";0;1;0;2;0
"part7_0";"introspection1";0;1;0;2;0
"part7_05";"straight_lines_on_various_surfaces";0;1;0;4;0
"part7_05";"planar_geometry";0;1;0;4;0
"part7_05";"definition3";0;1;0;4;0
"part7_05";"reasoning_about_straight_lines";0;1;0;4;0
"part7_05";"straight_lines_on_spheres1";0;1;0;4;0
"part7_05";"introspection2";0;1;0;4;0
"part7_05";"definition2";0;1;0;4;0
"part7_05";"straight_lines_on_spheres2";0;1;0;4;0
"part7_05";"introspection1";0;1;0;4;0
"part7_35";"Pos4";0;1;3;6;345
"part7_35";"Pos5";0;1;3;6;345
"part7_35";"straight_lines_on_spheres1";0;1;3;6;345
"part7_35";"Pos3";0;1;3;6;345
"part7_35";"definition3";0;1;3;6;345
"part7_35";"planar_geometry";0;1;3;6;345
"part7_35";"Pos2";1;1;3;6;345
"part7_35";"straight_lines_on_spheres2";0;1;3;6;345
"part7_35";"reasoning_about_straight_lines";0;1;3;6;345
"part7_35";"straight_lines_on_various_surfaces";0;1;3;6;345
"part7_35";"Lessons";1;1;3;6;345
"part7_35";"Pos1";1;1;3;6;345
"part7_35";"introspection2";0;1;3;6;345
"part7_35";"definition2";0;1;3;6;345
"part7_35";"introspection1";0;1;3;6;345
"part8";"introspection1";0;1;7;7;4567123
"part8";"introspection2";0;1;7;7;4567123
"part8";"reasoning_about_straight_lines";0;1;7;7;4567123
"part8";"Pos7";0;1;7;7;4567123
"part8";"definition2";0;1;7;7;4567123
"part8";"Pos3";0;1;7;7;4567123
"part8";"straight_lines_on_various_surfaces";0;1;7;7;4567123
"part8";"Pos2";0;1;7;7;4567123
"part8";"Lessons";1;1;7;7;4567123
"part8";"Pos1";1;1;7;7;4567123
"part8";"Insight";1;1;7;7;4567123
"part8";"Pos6";0;1;7;7;4567123
"part8";"straight_lines_on_spheres2";0;1;7;7;4567123
"part8";"Pos5";0;1;7;7;4567123
"part8";"straight_lines_on_spheres1";0;1;7;7;4567123
"part8";"Pos4";1;1;7;7;4567123
"part8";"definition3";0;1;7;7;4567123
"part8";"planar_geometry";0;1;7;7;4567123
"part8_0";"definition2";0;1;0;5;0
"part8_0";"introspection2";0;1;0;5;0
"part8_0";"straight_lines_on_spheres2";0;1;0;5;0
"part8_0";"straight_lines_on_spheres1";0;1;0;5;0
"part8_0";"reasoning_about_straight_lines";0;1;0;5;0
"part8_0";"definition3";1;1;0;5;0
"part8_0";"straight_lines_on_various_surfaces";0;1;0;5;0
"part8_0";"planar_geometry";0;1;0;5;0
"part8_0";"introspection1";0;1;0;5;0
"part8_05";"reasoning_about_straight_lines";0;1;0;5;0
"part8_05";"straight_lines_on_various_surfaces";0;1;0;5;0
"part8_05";"introspection2";0;1;0;5;0
"part8_05";"introspection1";0;1;0;5;0
"part8_05";"straight_lines_on_spheres2";0;1;0;5;0
"part8_05";"straight_lines_on_spheres1";0;1;0;5;0
"part8_05";"definition3";0;1;0;5;0
"part8_05";"planar_geometry";0;1;0;5;0
"part8_05";"definition2";0;1;0;5;0
"part8_35";"Pos2";0;1;5;7;23456
"part8_35";"Pos1";0;1;5;7;23456
"part8_35";"introspection2";0;1;5;7;23456
"part8_35";"definition3";0;1;5;7;23456
"part8_35";"definition2";0;1;5;7;23456
"part8_35";"straight_lines_on_spheres2";0;1;5;7;23456
"part8_35";"Pos5";0;1;5;7;23456
"part8_35";"straight_lines_on_spheres1";0;1;5;7;23456
"part8_35";"straight_lines_on_various_surfaces";0;1;5;7;23456
"part8_35";"Lessons";0;1;5;7;23456
"part8_35";"introspection1";0;1;5;7;23456
"part8_35";"planar_geometry";0;1;5;7;23456
"part8_35";"reasoning_about_straight_lines";0;1;5;7;23456
"part8_35";"Pos4";0;1;5;7;23456
"part8_35";"Pos3";0;1;5;7;23456
"part9";"Pos7";0;1;1;2;5
"part9";"Pos1";0;1;1;2;5
"part9";"reasoning_about_straight_lines";0;1;1;2;5
"part9";"Pos4";0;1;1;2;5
"part9";"Pos2";0;1;1;2;5
"part9";"definition2";0;1;1;2;5
"part9";"definition3";0;1;1;2;5
"part9";"Insight";1;1;1;2;5
"part9";"straight_lines_on_spheres1";0;1;1;2;5
"part9";"straight_lines_on_various_surfaces";0;1;1;2;5
"part9";"Lessons";0;1;1;2;5
"part9";"introspection2";0;1;1;2;5
"part9";"introspection1";0;1;1;2;5
"part9";"Pos3";0;1;1;2;5
"part9";"straight_lines_on_spheres2";1;1;1;2;5
"part9";"Pos5";0;1;1;2;5
"part9";"Pos6";0;1;1;2;5
"part9";"planar_geometry";0;1;1;2;5
"part9_0";"straight_lines_on_spheres1";0;0;0;2;0
"part9_0";"definition3";0;0;0;2;0
"part9_0";"straight_lines_on_spheres2";0;0;0;2;0
"part9_0";"planar_geometry";0;0;0;2;0
"part9_0";"reasoning_about_straight_lines";0;0;0;2;0
"part9_0";"definition2";0;0;0;2;0
"part9_0";"introspection1";0;0;0;2;0
"part9_0";"straight_lines_on_various_surfaces";0;0;0;2;0
"part9_0";"introspection2";0;0;0;2;0
"part9_05";"definition2";0;1;0;2;0
"part9_05";"reasoning_about_straight_lines";0;1;0;2;0
"part9_05";"definition3";0;1;0;2;0
"part9_05";"planar_geometry";0;1;0;2;0
"part9_05";"straight_lines_on_spheres2";0;1;0;2;0
"part9_05";"straight_lines_on_various_surfaces";1;1;0;2;0
"part9_05";"introspection2";0;1;0;2;0
"part9_05";"introspection1";0;1;0;2;0
"part9_05";"straight_lines_on_spheres1";0;1;0;2;0
"part9_35";"Pos2";0;1;3;4;671
"part9_35";"introspection2";0;1;3;4;671
"part9_35";"straight_lines_on_spheres2";0;1;3;4;671
"part9_35";"definition3";0;1;3;4;671
"part9_35";"introspection1";0;1;3;4;671
"part9_35";"straight_lines_on_spheres1";0;1;3;4;671
"part9_35";"Pos4";0;1;3;4;671
"part9_35";"straight_lines_on_various_surfaces";0;1;3;4;671
"part9_35";"Pos1";0;1;3;4;671
"part9_35";"planar_geometry";0;1;3;4;671
"part9_35";"Pos3";0;1;3;4;671
"part9_35";"reasoning_about_straight_lines";0;1;3;4;671
"part9_35";"Lessons";0;1;3;4;671
"part9_35";"definition2";0;1;3;4;671
"part9_35";"Pos5";0;1;3;4;671
